data,serie,variacao,z_score,aquecendo
1995-02-16 18:15:00.000000,dolar,0.008,3.02,True
1995-03-07 19:19:00.000000,dolar,0.018,4.67,True
1996-01-23 18:02:00.000000,dolar,0.002,3.3,False
1996-09-11 18:28:00.000000,dolar,-0.0014,-4.56,False
1996-12-17 18:02:00.000000,dolar,0.0018,3.01,False
1996-12-18 18:20:00.000000,dolar,-0.0024,-5.22,False
1997-03-17 19:03:00.000000,dolar,0.0028,5.62,False
1997-03-31 19:04:00.000000,dolar,-0.0016,-3.42,False
1997-06-20 18:09:00.000000,dolar,0.002,3.07,False
1997-08-22 17:58:00.000000,dolar,0.0024,4.66,False
1997-09-08 19:40:00.000000,dolar,-0.0013,-3.39,False
1997-10-28 18:15:00.000000,dolar,0.0037,6.63,False
1997-10-29 18:06:00.000000,dolar,-0.004,-6.35,False
1997-10-30 18:34:00.000000,dolar,0.0039,3.96,False
1997-10-31 18:24:00.000000,dolar,-0.0032,-3.45,False
1998-04-30 18:21:00.000000,dolar,-0.001,-4.43,False
1998-05-22 18:07:00.000000,dolar,0.0018,3.77,False
1998-05-27 18:13:00.000000,dolar,-0.0011,-3.33,False
1998-05-28 18:11:00.000000,dolar,-0.002,-4.83,False
1998-07-15 18:07:00.000000,dolar,-0.0019,-3.34,False
1998-07-23 18:16:00.000000,dolar,0.0027,3.19,False
1998-07-28 18:15:00.000000,dolar,-0.0026,-3.64,False
1998-10-01 19:03:00.000000,dolar,-0.0049,-5.42,False
1999-01-13 18:44:00.000000,dolar,0.1079,140.46,False
1999-01-15 18:44:00.000000,dolar,0.1465,9.84,False
1999-01-21 19:55:00.000000,dolar,0.0867,3.04,False
1999-01-26 19:22:00.000000,dolar,0.1164,3.61,False
1999-02-02 19:35:00.000000,dolar,-0.1658,-5.37,False
1999-08-23 19:08:00.000000,dolar,-0.0791,-5.86,False
2000-01-04 19:13:00.000000,dolar,0.0326,3.53,False
2000-10-25 18:28:00.000000,dolar,0.0301,4.55,False
2001-03-16 18:25:00.000000,dolar,0.0353,4.01,False
2001-03-20 18:10:00.000000,dolar,-0.0348,-4.09,False
2001-03-22 18:35:00.000000,dolar,0.0419,3.78,False
2001-04-20 18:24:00.000000,dolar,0.0482,3.1,False
2001-04-26 18:46:00.000000,dolar,-0.047,-3.18,False
2001-06-21 17:30:00.000000,dolar,-0.0694,-3.34,False
2001-06-22 17:33:00.000000,dolar,-0.0758,-3.24,False
2002-06-12 17:40:00.000000,dolar,0.0822,4.43,False
2002-06-13 17:45:00.000000,dolar,-0.0564,-3.16,False
2002-07-29 17:43:00.000000,dolar,0.1272,4.18,False
2002-07-30 17:41:00.000000,dolar,0.1243,3.48,False
2002-07-31 18:03:00.000000,dolar,0.1593,4.07,False
2002-08-02 17:48:00.000000,dolar,-0.2973,-7.23,False
2003-08-04 17:40:00.000000,dolar,0.0734,3.01,False
2004-01-29 17:41:00.000000,dolar,0.0451,4.01,False
2004-02-25 17:46:00.000000,dolar,-0.0475,-3.27,False
2004-05-07 17:53:00.000000,dolar,0.0605,4.01,False
2004-05-10 17:40:00.000000,dolar,0.0745,4.3,False
2004-05-20 17:46:00.000000,dolar,0.0754,4.02,False
2004-10-14 17:48:00.000000,dolar,0.0257,3.07,False
2004-10-25 17:50:00.000000,dolar,0.0328,3.39,False
2005-06-06 17:50:00.000000,dolar,0.0547,3.69,False
2005-07-25 17:39:00.000000,dolar,0.0526,3.04,False
2005-11-14 17:56:00.000000,dolar,0.0357,3.06,False
2006-05-22 17:53:00.000000,dolar,0.0953,5.0,False
2006-05-24 17:48:00.000000,dolar,0.111,4.69,False
2007-02-27 17:43:00.000000,dolar,0.0236,3.7,False
2007-05-16 21:23:00.000000,dolar,-0.0336,-3.71,False
2007-07-26 17:44:00.000000,dolar,0.0411,3.74,False
2007-08-16 17:42:00.000000,dolar,0.1081,6.64,False
2007-08-17 17:46:00.000000,dolar,-0.0748,-3.63,False
2007-11-27 17:46:00.000000,dolar,0.0391,3.01,False
2007-11-28 17:42:00.000000,dolar,-0.0483,-3.09,False
2008-08-08 17:47:00.000000,dolar,0.0293,3.96,False
2008-09-04 17:41:00.000000,dolar,0.0282,3.02,False
2008-09-11 17:35:00.000000,dolar,0.0397,3.19,False
2008-09-12 17:46:00.000000,dolar,-0.0343,-3.11,False
2008-09-18 17:42:00.000000,dolar,0.0499,3.26,False
2008-09-19 17:46:00.000000,dolar,-0.0761,-5.4,False
2008-09-29 17:34:00.000000,dolar,0.1004,4.71,False
2008-10-02 17:48:00.000000,dolar,0.0868,3.24,False
2008-10-06 17:45:00.000000,dolar,0.1229,4.14,False
2008-10-08 17:40:00.000000,dolar,0.2041,6.11,False
2008-10-09 17:36:00.000000,dolar,-0.2106,-5.51,False
2010-02-02 17:32:00.000000,dolar,-0.041,-3.78,False
2010-05-06 17:39:34.535000,dolar,0.0491,3.75,False
2010-05-10 17:34:10.777000,dolar,-0.051,-3.57,False
2010-10-19 17:38:07.885000,dolar,0.0182,3.01,False
2011-03-30 17:36:43.286000,dolar,-0.0186,-3.49,False
2011-04-07 17:35:58.491000,dolar,-0.017,-3.02,False
2011-07-27 13:06:54.210000,dolar,0.0294,3.57,False
2011-08-09 13:03:08.000000,dolar,0.0335,3.61,False
2011-09-19 13:07:09.912000,dolar,0.0641,4.82,False
2011-09-22 13:08:49.627000,dolar,0.0736,4.29,False
2012-03-12 13:10:40.643000,dolar,0.039,3.64,False
2012-05-14 13:03:51.591000,dolar,0.0353,3.05,False
2012-05-24 13:04:50.936000,dolar,-0.0432,-4.25,False
2012-05-25 13:12:09.233000,dolar,-0.0352,-3.02,False
2012-06-29 13:06:39.994000,dolar,-0.0691,-4.71,False
2012-11-26 13:04:48.903000,dolar,-0.0198,-3.69,False
2012-12-06 13:11:44.204000,dolar,-0.021,-3.8,False
2013-01-29 13:08:36.467000,dolar,-0.0329,-3.69,False
2013-05-29 13:11:05.540000,dolar,0.0278,3.08,False
2013-05-31 13:03:28.875000,dolar,0.0425,4.41,False
2013-06-20 13:10:09.518000,dolar,0.0779,6.84,False
2013-08-23 13:11:19.136000,dolar,-0.0589,-3.64,False
2014-01-02 13:04:36.708000,dolar,0.0549,3.08,False
2014-09-09 13:10:34.330000,dolar,0.0322,3.05,False
2014-09-12 13:11:46.037000,dolar,0.0371,3.2,False
2014-10-06 13:02:58.407000,dolar,-0.0834,-6.87,False
2015-03-13 13:10:42.662000,dolar,0.1093,4.25,False
2015-09-25 13:11:54.018000,dolar,-0.247,-6.99,False
2015-09-30 13:03:13.098000,dolar,-0.1443,-3.07,False
2016-01-04 13:12:41.021000,dolar,0.1339,3.0,False
2016-03-17 13:08:35.733000,dolar,-0.1634,-3.21,False
2016-11-10 13:07:02.302000,dolar,0.0846,3.58,False
2016-11-11 13:04:24.987000,dolar,0.1273,4.79,False
2017-05-18 13:05:58.487000,dolar,0.2731,12.33,False
2017-10-24 13:07:51.559000,dolar,0.0467,3.22,False
2017-12-07 13:11:10.197000,dolar,0.0538,3.13,False
2018-01-25 13:03:52.095000,dolar,-0.0579,-3.04,False
2018-06-08 13:03:33.751000,dolar,-0.1141,-4.41,False
2018-06-11 13:10:07.939000,dolar,-0.0946,-3.14,False
2019-01-03 13:04:50.817000,dolar,-0.0912,-3.49,False
2020-03-05 13:08:18.942000,dolar,0.0949,4.14,False
2020-03-09 13:03:51.869000,dolar,0.092,3.42,False
2020-03-10 13:10:44.443000,dolar,-0.0686,-3.13,False
2020-03-12 13:04:43.137000,dolar,0.2095,7.03,False
2020-03-13 13:11:29.534000,dolar,-0.1471,-4.15,False
2020-03-16 13:08:35.261000,dolar,0.2109,4.44,False
2020-11-09 13:08:15.768000,dolar,-0.2492,-4.26,False
2021-01-05 13:11:14.045000,dolar,0.1643,3.09,False
2022-02-24 13:04:46.054000,dolar,0.1031,3.15,False
2022-04-25 15:12:42.296000,dolar,0.1492,3.71,False
2022-10-03 13:11:21.348000,dolar,-0.2064,-4.25,False
2023-11-03 13:05:47.571000,dolar,-0.1284,-3.82,False
2024-04-16 15:50:06.851000,dolar,0.0889,3.39,False
2024-08-06 13:07:56.736000,dolar,-0.1118,-3.27,False
2024-11-28 13:05:32.071000,dolar,0.158,4.0,False
2025-04-04 13:07:28.528000,dolar,0.171,5.03,False
2025-04-10 13:09:27.619000,dolar,-0.149,-3.03,False
2025-10-10 13:11:25.594000,dolar,0.0908,3.62,False
2025-12-08 13:03:07.424000,dolar,0.0844,3.04,False
2026-03-03 13:10:27.879000,dolar,0.0869,3.04,False
2026-09-14 13:10:08.144425,dolar,0.0778,3.53,False
2010-03-19 00:00:00.000000,ntnb_2035,-0.04,-3.68,True
2010-04-09 00:00:00.000000,ntnb_2035,-0.08,-4.34,True
2010-04-14 00:00:00.000000,ntnb_2035,0.08,4.03,True
2010-04-27 00:00:00.000000,ntnb_2035,-0.1,-3.36,True
2010-04-30 00:00:00.000000,ntnb_2035,-0.11,-3.2,True
2010-05-07 00:00:00.000000,ntnb_2035,0.11,3.08,True
2010-05-10 00:00:00.000000,ntnb_2035,0.17,4.21,True
2010-08-17 00:00:00.000000,ntnb_2035,-0.09,-3.27,False
2010-10-20 00:00:00.000000,ntnb_2035,0.09,3.02,False
2010-11-08 00:00:00.000000,ntnb_2035,-0.11,-3.26,False
2010-11-23 00:00:00.000000,ntnb_2035,0.16,4.09,False
2011-08-19 00:00:00.000000,ntnb_2035,-0.09,-5.01,False
2011-08-29 00:00:00.000000,ntnb_2035,-0.09,-3.89,False
2011-08-30 00:00:00.000000,ntnb_2035,-0.12,-4.53,False
2011-09-02 00:00:00.000000,ntnb_2035,-0.15,-4.63,False
2012-01-05 00:00:00.000000,ntnb_2035,0.08,3.08,False
2012-05-03 00:00:00.000000,ntnb_2035,-0.13,-3.85,False
2012-05-07 00:00:00.000000,ntnb_2035,-0.23,-6.3,False
2012-05-08 00:00:00.000000,ntnb_2035,-0.25,-5.16,False
2012-05-10 00:00:00.000000,ntnb_2035,0.26,4.75,False
2012-05-11 00:00:00.000000,ntnb_2035,-0.27,-3.64,False
2012-05-23 00:00:00.000000,ntnb_2035,0.28,3.71,False
2012-10-08 00:00:00.000000,ntnb_2035,-0.11,-3.37,False
2012-10-15 00:00:00.000000,ntnb_2035,-0.11,-3.32,False
2013-04-08 00:00:00.000000,ntnb_2035,-0.14,-3.78,False
2013-05-29 00:00:00.000000,ntnb_2035,0.19,3.52,False
2013-06-05 00:00:00.000000,ntnb_2035,-0.31,-5.51,False
2013-06-11 00:00:00.000000,ntnb_2035,0.75,9.38,False
2013-09-19 00:00:00.000000,ntnb_2035,-0.24,-3.89,False
2013-11-08 00:00:00.000000,ntnb_2035,0.18,3.58,False
2014-01-24 00:00:00.000000,ntnb_2035,0.24,4.11,False
2014-06-09 00:00:00.000000,ntnb_2035,-0.19,-3.39,False
2014-09-15 00:00:00.000000,ntnb_2035,0.29,3.84,False
2014-10-06 00:00:00.000000,ntnb_2035,-0.46,-4.72,False
2014-10-21 00:00:00.000000,ntnb_2035,0.38,3.14,False
2015-03-02 00:00:00.000000,ntnb_2035,-0.25,-4.74,False
2015-07-23 00:00:00.000000,ntnb_2035,0.2,3.89,False
2015-07-24 00:00:00.000000,ntnb_2035,0.19,3.2,False
2015-08-24 00:00:00.000000,ntnb_2035,0.25,3.59,False
2015-09-25 00:00:00.000000,ntnb_2035,-0.78,-9.21,False
2016-03-04 00:00:00.000000,ntnb_2035,-0.75,-12.65,False
2016-11-11 00:00:00.000000,ntnb_2035,0.33,7.64,False
2016-12-02 00:00:00.000000,ntnb_2035,0.24,3.65,False
2017-05-18 00:00:00.000000,ntnb_2035,1.0,23.43,False
2017-10-27 00:00:00.000000,ntnb_2035,0.12,3.84,False
2017-10-30 00:00:00.000000,ntnb_2035,-0.12,-3.44,False
2018-01-26 00:00:00.000000,ntnb_2035,-0.24,-5.8,False
2018-08-14 00:00:00.000000,ntnb_2035,-0.32,-4.22,False
2019-03-22 00:00:00.000000,ntnb_2035,0.16,3.69,False
2019-03-27 00:00:00.000000,ntnb_2035,0.15,3.18,False
2019-11-08 00:00:00.000000,ntnb_2035,0.12,3.55,False
2019-11-26 00:00:00.000000,ntnb_2035,0.12,3.29,False
2020-03-06 00:00:00.000000,ntnb_2035,0.18,4.05,False
2020-03-10 00:00:00.000000,ntnb_2035,0.18,3.48,False
2020-03-12 00:00:00.000000,ntnb_2035,1.18,21.44,False
2020-03-13 00:00:00.000000,ntnb_2035,-0.61,-3.76,False
2020-08-14 00:00:00.000000,ntnb_2035,0.16,3.14,False
2020-08-20 00:00:00.000000,ntnb_2035,0.22,3.76,False
2020-09-21 00:00:00.000000,ntnb_2035,0.22,3.04,False
2020-09-29 00:00:00.000000,ntnb_2035,0.26,3.28,False
2021-03-04 00:00:00.000000,ntnb_2035,-0.29,-4.55,False
2021-08-06 00:00:00.000000,ntnb_2035,0.18,3.38,False
2021-10-21 00:00:00.000000,ntnb_2035,0.3,3.55,False
2021-11-01 00:00:00.000000,ntnb_2035,-0.24,-3.06,False
2021-11-04 00:00:00.000000,ntnb_2035,-0.38,-4.23,False
2022-03-25 00:00:00.000000,ntnb_2035,-0.19,-3.06,False
2022-07-11 00:00:00.000000,ntnb_2035,0.2,3.32,False
2022-08-05 00:00:00.000000,ntnb_2035,-0.19,-3.09,False
2022-11-10 00:00:00.000000,ntnb_2035,0.34,4.83,False
2022-11-14 00:00:00.000000,ntnb_2035,-0.33,-4.05,False
2022-11-18 00:00:00.000000,ntnb_2035,-0.3,-3.11,False
2023-04-19 00:00:00.000000,ntnb_2035,0.21,3.33,False
2023-09-27 00:00:00.000000,ntnb_2035,0.25,6.33,False
2024-03-19 00:00:00.000000,ntnb_2035,0.1,3.05,False
2024-04-11 00:00:00.000000,ntnb_2035,0.16,4.74,False
2024-05-10 00:00:00.000000,ntnb_2035,-0.22,-5.08,False
2024-08-09 00:00:00.000000,ntnb_2035,-0.17,-3.06,False
2024-09-24 00:00:00.000000,ntnb_2035,-0.19,-3.0,False
2024-12-02 00:00:00.000000,ntnb_2035,-0.24,-3.36,False
2024-12-19 00:00:00.000000,ntnb_2035,0.36,3.47,False
2024-12-20 00:00:00.000000,ntnb_2035,-0.32,-3.13,False
2025-04-09 00:00:00.000000,ntnb_2035,0.29,3.17,False
2025-07-10 00:00:00.000000,ntnb_2035,0.18,3.35,False
2026-03-06 00:00:00.000000,ntnb_2035,0.23,3.62,False
2026-03-10 00:00:00.000000,ntnb_2035,-0.26,-3.89,False
2026-06-08 00:00:00.000000,ntnb_2035,0.19,3.03,False
2026-06-12 00:00:00.000000,ntnb_2035,-0.22,-3.57,False
2001-03-14 00:00:00.000000,soja,-17.0,-3.38,False
2001-06-01 00:00:00.000000,soja,16.25,3.52,False
2002-01-14 00:00:00.000000,soja,12.75,3.21,False
2002-07-23 00:00:00.000000,soja,-17.75,-3.06,False
2003-01-10 00:00:00.000000,soja,-21.75,-3.81,False
2003-07-15 00:00:00.000000,soja,-24.75,-3.69,False
2003-08-15 00:00:00.000000,soja,-30.75,-3.73,False
2003-08-18 00:00:00.000000,soja,30.0,3.5,False
2003-11-04 00:00:00.000000,soja,-33.0,-3.28,False
2004-05-12 00:00:00.000000,soja,-62.0,-3.27,False
2004-07-15 00:00:00.000000,soja,-111.5,-4.19,False
2005-01-18 00:00:00.000000,soja,-28.5,-4.03,False
2005-02-22 00:00:00.000000,soja,24.5,3.21,False
2005-02-25 00:00:00.000000,soja,28.5,3.41,False
2005-06-27 00:00:00.000000,soja,-50.0,-5.59,False
2006-06-02 00:00:00.000000,soja,22.25,4.13,False
2006-09-15 00:00:00.000000,soja,17.75,3.25,False
2007-01-12 00:00:00.000000,soja,42.0,5.55,False
2007-03-01 00:00:00.000000,soja,-27.0,-3.19,False
2007-06-19 00:00:00.000000,soja,-26.25,-3.18,False
2007-06-29 00:00:00.000000,soja,40.25,3.95,False
2007-07-16 00:00:00.000000,soja,-41.25,-3.92,False
2007-07-17 00:00:00.000000,soja,-38.0,-3.14,False
2007-10-02 00:00:00.000000,soja,-47.75,-3.58,False
2007-12-26 00:00:00.000000,soja,39.75,3.08,False
2008-01-23 00:00:00.000000,soja,-50.0,-3.87,False
2008-03-04 00:00:00.000000,soja,-50.5,-3.13,False
2008-03-07 00:00:00.000000,soja,-102.0,-5.04,False
2008-09-12 00:00:00.000000,soja,274.0,8.53,False
2008-09-15 00:00:00.000000,soja,-311.0,-6.19,False
2009-01-12 00:00:00.000000,soja,-83.5,-3.74,False
2009-07-07 00:00:00.000000,soja,-66.5,-3.18,False
2009-08-14 00:00:00.000000,soja,-87.25,-3.11,False
2009-08-17 00:00:00.000000,soja,-112.0,-3.62,False
2010-07-07 00:00:00.000000,soja,28.75,3.35,False
2010-10-01 00:00:00.000000,soja,-49.75,-4.27,False
2010-10-08 00:00:00.000000,soja,70.0,4.91,False
2010-11-12 00:00:00.000000,soja,-67.25,-3.95,False
2010-11-16 00:00:00.000000,soja,-66.75,-3.39,False
2011-02-22 00:00:00.000000,soja,-70.0,-3.93,False
2011-09-30 00:00:00.000000,soja,-51.0,-3.15,False
2011-10-11 00:00:00.000000,soja,58.0,3.64,False
2012-03-30 00:00:00.000000,soja,47.5,3.73,False
2012-05-11 00:00:00.000000,soja,-48.25,-3.68,False
2013-05-15 00:00:00.000000,soja,-111.75,-6.63,False
2013-07-15 00:00:00.000000,soja,-109.5,-4.93,False
2013-09-16 00:00:00.000000,soja,-140.5,-4.41,False
2014-03-10 00:00:00.000000,soja,-38.25,-3.09,False
2014-05-01 00:00:00.000000,soja,-57.25,-3.82,False
2014-07-15 00:00:00.000000,soja,-114.5,-6.25,False
2014-08-15 00:00:00.000000,soja,-122.0,-5.2,False
2014-09-15 00:00:00.000000,soja,-101.5,-3.25,False
2015-06-30 00:00:00.000000,soja,53.75,5.98,False
2015-08-12 00:00:00.000000,soja,-63.0,-4.21,False
2016-04-19 00:00:00.000000,soja,31.25,4.7,False
2016-04-22 00:00:00.000000,soja,-31.75,-4.3,False
2016-05-10 00:00:00.000000,soja,57.25,5.11,False
2016-07-05 00:00:00.000000,soja,-51.75,-3.07,False
2017-05-18 00:00:00.000000,soja,-31.0,-4.29,False
2017-06-30 00:00:00.000000,soja,26.75,3.42,False
2017-07-13 00:00:00.000000,soja,-44.25,-4.54,False
2018-01-16 00:00:00.000000,soja,24.0,3.49,False
2018-03-09 00:00:00.000000,soja,-24.5,-3.61,False
2018-03-19 00:00:00.000000,soja,-27.0,-3.46,False
2018-07-06 00:00:00.000000,soja,38.5,3.83,False
2018-08-10 00:00:00.000000,soja,-41.75,-3.19,False
2018-11-01 00:00:00.000000,soja,30.0,3.07,False
2019-05-14 00:00:00.000000,soja,26.75,4.41,False
2019-05-28 00:00:00.000000,soja,26.25,3.17,False
2019-09-12 00:00:00.000000,soja,29.0,3.26,False
2020-03-09 00:00:00.000000,soja,-19.75,-3.21,False
2020-03-16 00:00:00.000000,soja,-25.0,-3.47,False
2020-09-15 00:00:00.000000,soja,-27.75,-3.94,False
2020-10-12 00:00:00.000000,soja,-31.75,-3.18,False
2020-12-29 00:00:00.000000,soja,40.25,3.02,False
2021-01-12 00:00:00.000000,soja,47.5,3.29,False
2021-01-22 00:00:00.000000,soja,-58.5,-4.25,False
2021-03-31 00:00:00.000000,soja,70.0,3.6,False
2021-06-17 00:00:00.000000,soja,-118.75,-5.35,False
2021-06-30 00:00:00.000000,soja,90.25,3.23,False
2022-02-25 00:00:00.000000,soja,-71.25,-4.33,False
2022-07-15 00:00:00.000000,soja,-144.0,-5.01,False
2022-08-15 00:00:00.000000,soja,-175.25,-4.69,False
2023-06-30 00:00:00.000000,soja,74.25,3.59,False
2024-05-02 00:00:00.000000,soja,34.25,3.21,False
2024-07-15 00:00:00.000000,soja,-56.5,-4.04,False
2025-01-21 00:00:00.000000,soja,33.25,3.02,False
2025-07-02 00:00:00.000000,soja,25.75,3.02,False
2025-11-06 00:00:00.000000,soja,-28.0,-3.26,False
2025-11-17 00:00:00.000000,soja,44.5,4.18,False
2026-03-16 00:00:00.000000,soja,-55.75,-6.29,False
2026-05-14 00:00:00.000000,soja,-40.75,-3.56,False
2026-07-06 00:00:00.000000,soja,50.5,4.25,False
2026-08-24 00:00:00.000000,spread_veiculos,2.69,3.05,True
