data,selic_meta
1999-03-05,45.0
1999-03-06,45.0
1999-03-07,45.0
1999-03-08,45.0
1999-03-09,45.0
1999-03-10,45.0
1999-03-11,45.0
1999-03-12,45.0
1999-03-13,45.0
1999-03-14,45.0
1999-03-15,45.0
1999-03-16,45.0
1999-03-17,45.0
1999-03-18,45.0
1999-03-19,45.0
1999-03-20,45.0
1999-03-21,45.0
1999-03-22,45.0
1999-03-23,45.0
1999-03-24,45.0
1999-03-25,42.0
1999-03-26,42.0
1999-03-27,42.0
1999-03-28,42.0
1999-03-29,42.0
1999-03-30,42.0
1999-03-31,42.0
1999-04-01,42.0
1999-04-02,42.0
1999-04-03,42.0
1999-04-04,42.0
1999-04-05,42.0
1999-04-06,39.5
1999-04-07,39.5
1999-04-08,39.5
1999-04-09,39.5
1999-04-10,39.5
1999-04-11,39.5
1999-04-12,39.5
1999-04-13,39.5
1999-04-14,39.5
1999-04-15,34.0
1999-04-16,34.0
1999-04-17,34.0
1999-04-18,34.0
1999-04-19,34.0
1999-04-20,34.0
1999-04-21,34.0
1999-04-22,34.0
1999-04-23,34.0
1999-04-24,34.0
1999-04-25,34.0
1999-04-26,34.0
1999-04-27,34.0
1999-04-28,34.0
1999-04-29,32.0
1999-04-30,32.0
1999-05-01,32.0
1999-05-02,32.0
1999-05-03,32.0
1999-05-04,32.0
1999-05-05,32.0
1999-05-06,32.0
1999-05-07,32.0
1999-05-08,32.0
1999-05-09,32.0
1999-05-10,29.5
1999-05-11,29.5
1999-05-12,29.5
1999-05-13,27.0
1999-05-14,27.0
1999-05-15,27.0
1999-05-16,27.0
1999-05-17,27.0
1999-05-18,27.0
1999-05-19,27.0
1999-05-20,23.5
1999-05-21,23.5
1999-05-22,23.5
1999-05-23,23.5
1999-05-24,23.5
1999-05-25,23.5
1999-05-26,23.5
1999-05-27,23.5
1999-05-28,23.5
1999-05-29,23.5
1999-05-30,23.5
1999-05-31,23.5
1999-06-01,23.5
1999-06-02,23.5
1999-06-03,23.5
1999-06-04,23.5
1999-06-05,23.5
1999-06-06,23.5
1999-06-07,23.5
1999-06-08,23.5
1999-06-09,22.0
1999-06-10,22.0
1999-06-11,22.0
1999-06-12,22.0
1999-06-13,22.0
1999-06-14,22.0
1999-06-15,22.0
1999-06-16,22.0
1999-06-17,22.0
1999-06-18,22.0
1999-06-19,22.0
1999-06-20,22.0
1999-06-21,22.0
1999-06-22,22.0
1999-06-23,22.0
1999-06-24,21.0
1999-06-25,21.0
1999-06-26,21.0
1999-06-27,21.0
1999-06-28,21.0
1999-06-29,21.0
1999-06-30,21.0
1999-07-01,21.0
1999-07-02,21.0
1999-07-03,21.0
1999-07-04,21.0
1999-07-05,21.0
1999-07-06,21.0
1999-07-07,21.0
1999-07-08,21.0
1999-07-09,21.0
1999-07-10,21.0
1999-07-11,21.0
1999-07-12,21.0
1999-07-13,21.0
1999-07-14,21.0
1999-07-15,21.0
1999-07-16,21.0
1999-07-17,21.0
1999-07-18,21.0
1999-07-19,21.0
1999-07-20,21.0
1999-07-21,21.0
1999-07-22,21.0
1999-07-23,21.0
1999-07-24,21.0
1999-07-25,21.0
1999-07-26,21.0
1999-07-27,21.0
1999-07-28,21.0
1999-07-29,19.5
1999-07-30,19.5
1999-07-31,19.5
1999-08-01,19.5
1999-08-02,19.5
1999-08-03,19.5
1999-08-04,19.5
1999-08-05,19.5
1999-08-06,19.5
1999-08-07,19.5
1999-08-08,19.5
1999-08-09,19.5
1999-08-10,19.5
1999-08-11,19.5
1999-08-12,19.5
1999-08-13,19.5
1999-08-14,19.5
1999-08-15,19.5
1999-08-16,19.5
1999-08-17,19.5
1999-08-18,19.5
1999-08-19,19.5
1999-08-20,19.5
1999-08-21,19.5
1999-08-22,19.5
1999-08-23,19.5
1999-08-24,19.5
1999-08-25,19.5
1999-08-26,19.5
1999-08-27,19.5
1999-08-28,19.5
1999-08-29,19.5
1999-08-30,19.5
1999-08-31,19.5
1999-09-01,19.5
1999-09-02,19.5
1999-09-03,19.5
1999-09-04,19.5
1999-09-05,19.5
1999-09-06,19.5
1999-09-07,19.5
1999-09-08,19.5
1999-09-09,19.5
1999-09-10,19.5
1999-09-11,19.5
1999-09-12,19.5
1999-09-13,19.5
1999-09-14,19.5
1999-09-15,19.5
1999-09-16,19.5
1999-09-17,19.5
1999-09-18,19.5
1999-09-19,19.5
1999-09-20,19.5
1999-09-21,19.5
1999-09-22,19.5
1999-09-23,19.0
1999-09-24,19.0
1999-09-25,19.0
1999-09-26,19.0
1999-09-27,19.0
1999-09-28,19.0
1999-09-29,19.0
1999-09-30,19.0
1999-10-01,19.0
1999-10-02,19.0
1999-10-03,19.0
1999-10-04,19.0
1999-10-05,19.0
1999-10-06,19.0
1999-10-07,19.0
1999-10-08,19.0
1999-10-09,19.0
1999-10-10,19.0
1999-10-11,19.0
1999-10-12,19.0
1999-10-13,19.0
1999-10-14,19.0
1999-10-15,19.0
1999-10-16,19.0
1999-10-17,19.0
1999-10-18,19.0
1999-10-19,19.0
1999-10-20,19.0
1999-10-21,19.0
1999-10-22,19.0
1999-10-23,19.0
1999-10-24,19.0
1999-10-25,19.0
1999-10-26,19.0
1999-10-27,19.0
1999-10-28,19.0
1999-10-29,19.0
1999-10-30,19.0
1999-10-31,19.0
1999-11-01,19.0
1999-11-02,19.0
1999-11-03,19.0
1999-11-04,19.0
1999-11-05,19.0
1999-11-06,19.0
1999-11-07,19.0
1999-11-08,19.0
1999-11-09,19.0
1999-11-10,19.0
1999-11-11,19.0
1999-11-12,19.0
1999-11-13,19.0
1999-11-14,19.0
1999-11-15,19.0
1999-11-16,19.0
1999-11-17,19.0
1999-11-18,19.0
1999-11-19,19.0
1999-11-20,19.0
1999-11-21,19.0
1999-11-22,19.0
1999-11-23,19.0
1999-11-24,19.0
1999-11-25,19.0
1999-11-26,19.0
1999-11-27,19.0
1999-11-28,19.0
1999-11-29,19.0
1999-11-30,19.0
1999-12-01,19.0
1999-12-02,19.0
1999-12-03,19.0
1999-12-04,19.0
1999-12-05,19.0
1999-12-06,19.0
1999-12-07,19.0
1999-12-08,19.0
1999-12-09,19.0
1999-12-10,19.0
1999-12-11,19.0
1999-12-12,19.0
1999-12-13,19.0
1999-12-14,19.0
1999-12-15,19.0
1999-12-16,19.0
1999-12-17,19.0
1999-12-18,19.0
1999-12-19,19.0
1999-12-20,19.0
1999-12-21,19.0
1999-12-22,19.0
1999-12-23,19.0
1999-12-24,19.0
1999-12-25,19.0
1999-12-26,19.0
1999-12-27,19.0
1999-12-28,19.0
1999-12-29,19.0
1999-12-30,19.0
1999-12-31,19.0
2000-01-01,19.0
2000-01-02,19.0
2000-01-03,19.0
2000-01-04,19.0
2000-01-05,19.0
2000-01-06,19.0
2000-01-07,19.0
2000-01-08,19.0
2000-01-09,19.0
2000-01-10,19.0
2000-01-11,19.0
2000-01-12,19.0
2000-01-13,19.0
2000-01-14,19.0
2000-01-15,19.0
2000-01-16,19.0
2000-01-17,19.0
2000-01-18,19.0
2000-01-19,19.0
2000-01-20,19.0
2000-01-21,19.0
2000-01-22,19.0
2000-01-23,19.0
2000-01-24,19.0
2000-01-25,19.0
2000-01-26,19.0
2000-01-27,19.0
2000-01-28,19.0
2000-01-29,19.0
2000-01-30,19.0
2000-01-31,19.0
2000-02-01,19.0
2000-02-02,19.0
2000-02-03,19.0
2000-02-04,19.0
2000-02-05,19.0
2000-02-06,19.0
2000-02-07,19.0
2000-02-08,19.0
2000-02-09,19.0
2000-02-10,19.0
2000-02-11,19.0
2000-02-12,19.0
2000-02-13,19.0
2000-02-14,19.0
2000-02-15,19.0
2000-02-16,19.0
2000-02-17,19.0
2000-02-18,19.0
2000-02-19,19.0
2000-02-20,19.0
2000-02-21,19.0
2000-02-22,19.0
2000-02-23,19.0
2000-02-24,19.0
2000-02-25,19.0
2000-02-26,19.0
2000-02-27,19.0
2000-02-28,19.0
2000-02-29,19.0
2000-03-01,19.0
2000-03-02,19.0
2000-03-03,19.0
2000-03-04,19.0
2000-03-05,19.0
2000-03-06,19.0
2000-03-07,19.0
2000-03-08,19.0
2000-03-09,19.0
2000-03-10,19.0
2000-03-11,19.0
2000-03-12,19.0
2000-03-13,19.0
2000-03-14,19.0
2000-03-15,19.0
2000-03-16,19.0
2000-03-17,19.0
2000-03-18,19.0
2000-03-19,19.0
2000-03-20,19.0
2000-03-21,19.0
2000-03-22,19.0
2000-03-23,19.0
2000-03-24,19.0
2000-03-25,19.0
2000-03-26,19.0
2000-03-27,19.0
2000-03-28,19.0
2000-03-29,18.5
2000-03-30,18.5
2000-03-31,18.5
2000-04-01,18.5
2000-04-02,18.5
2000-04-03,18.5
2000-04-04,18.5
2000-04-05,18.5
2000-04-06,18.5
2000-04-07,18.5
2000-04-08,18.5
2000-04-09,18.5
2000-04-10,18.5
2000-04-11,18.5
2000-04-12,18.5
2000-04-13,18.5
2000-04-14,18.5
2000-04-15,18.5
2000-04-16,18.5
2000-04-17,18.5
2000-04-18,18.5
2000-04-19,18.5
2000-04-20,18.5
2000-04-21,18.5
2000-04-22,18.5
2000-04-23,18.5
2000-04-24,18.5
2000-04-25,18.5
2000-04-26,18.5
2000-04-27,18.5
2000-04-28,18.5
2000-04-29,18.5
2000-04-30,18.5
2000-05-01,18.5
2000-05-02,18.5
2000-05-03,18.5
2000-05-04,18.5
2000-05-05,18.5
2000-05-06,18.5
2000-05-07,18.5
2000-05-08,18.5
2000-05-09,18.5
2000-05-10,18.5
2000-05-11,18.5
2000-05-12,18.5
2000-05-13,18.5
2000-05-14,18.5
2000-05-15,18.5
2000-05-16,18.5
2000-05-17,18.5
2000-05-18,18.5
2000-05-19,18.5
2000-05-20,18.5
2000-05-21,18.5
2000-05-22,18.5
2000-05-23,18.5
2000-05-24,18.5
2000-05-25,18.5
2000-05-26,18.5
2000-05-27,18.5
2000-05-28,18.5
2000-05-29,18.5
2000-05-30,18.5
2000-05-31,18.5
2000-06-01,18.5
2000-06-02,18.5
2000-06-03,18.5
2000-06-04,18.5
2000-06-05,18.5
2000-06-06,18.5
2000-06-07,18.5
2000-06-08,18.5
2000-06-09,18.5
2000-06-10,18.5
2000-06-11,18.5
2000-06-12,18.5
2000-06-13,18.5
2000-06-14,18.5
2000-06-15,18.5
2000-06-16,18.5
2000-06-17,18.5
2000-06-18,18.5
2000-06-19,18.5
2000-06-20,18.5
2000-06-21,17.5
2000-06-22,17.5
2000-06-23,17.5
2000-06-24,17.5
2000-06-25,17.5
2000-06-26,17.5
2000-06-27,17.5
2000-06-28,17.5
2000-06-29,17.5
2000-06-30,17.5
2000-07-01,17.5
2000-07-02,17.5
2000-07-03,17.5
2000-07-04,17.5
2000-07-05,17.5
2000-07-06,17.5
2000-07-07,17.5
2000-07-08,17.5
2000-07-09,17.5
2000-07-10,17.0
2000-07-11,17.0
2000-07-12,17.0
2000-07-13,17.0
2000-07-14,17.0
2000-07-15,17.0
2000-07-16,17.0
2000-07-17,17.0
2000-07-18,17.0
2000-07-19,17.0
2000-07-20,16.5
2000-07-21,16.5
2000-07-22,16.5
2000-07-23,16.5
2000-07-24,16.5
2000-07-25,16.5
2000-07-26,16.5
2000-07-27,16.5
2000-07-28,16.5
2000-07-29,16.5
2000-07-30,16.5
2000-07-31,16.5
2000-08-01,16.5
2000-08-02,16.5
2000-08-03,16.5
2000-08-04,16.5
2000-08-05,16.5
2000-08-06,16.5
2000-08-07,16.5
2000-08-08,16.5
2000-08-09,16.5
2000-08-10,16.5
2000-08-11,16.5
2000-08-12,16.5
2000-08-13,16.5
2000-08-14,16.5
2000-08-15,16.5
2000-08-16,16.5
2000-08-17,16.5
2000-08-18,16.5
2000-08-19,16.5
2000-08-20,16.5
2000-08-21,16.5
2000-08-22,16.5
2000-08-23,16.5
2000-08-24,16.5
2000-08-25,16.5
2000-08-26,16.5
2000-08-27,16.5
2000-08-28,16.5
2000-08-29,16.5
2000-08-30,16.5
2000-08-31,16.5
2000-09-01,16.5
2000-09-02,16.5
2000-09-03,16.5
2000-09-04,16.5
2000-09-05,16.5
2000-09-06,16.5
2000-09-07,16.5
2000-09-08,16.5
2000-09-09,16.5
2000-09-10,16.5
2000-09-11,16.5
2000-09-12,16.5
2000-09-13,16.5
2000-09-14,16.5
2000-09-15,16.5
2000-09-16,16.5
2000-09-17,16.5
2000-09-18,16.5
2000-09-19,16.5
2000-09-20,16.5
2000-09-21,16.5
2000-09-22,16.5
2000-09-23,16.5
2000-09-24,16.5
2000-09-25,16.5
2000-09-26,16.5
2000-09-27,16.5
2000-09-28,16.5
2000-09-29,16.5
2000-09-30,16.5
2000-10-01,16.5
2000-10-02,16.5
2000-10-03,16.5
2000-10-04,16.5
2000-10-05,16.5
2000-10-06,16.5
2000-10-07,16.5
2000-10-08,16.5
2000-10-09,16.5
2000-10-10,16.5
2000-10-11,16.5
2000-10-12,16.5
2000-10-13,16.5
2000-10-14,16.5
2000-10-15,16.5
2000-10-16,16.5
2000-10-17,16.5
2000-10-18,16.5
2000-10-19,16.5
2000-10-20,16.5
2000-10-21,16.5
2000-10-22,16.5
2000-10-23,16.5
2000-10-24,16.5
2000-10-25,16.5
2000-10-26,16.5
2000-10-27,16.5
2000-10-28,16.5
2000-10-29,16.5
2000-10-30,16.5
2000-10-31,16.5
2000-11-01,16.5
2000-11-02,16.5
2000-11-03,16.5
2000-11-04,16.5
2000-11-05,16.5
2000-11-06,16.5
2000-11-07,16.5
2000-11-08,16.5
2000-11-09,16.5
2000-11-10,16.5
2000-11-11,16.5
2000-11-12,16.5
2000-11-13,16.5
2000-11-14,16.5
2000-11-15,16.5
2000-11-16,16.5
2000-11-17,16.5
2000-11-18,16.5
2000-11-19,16.5
2000-11-20,16.5
2000-11-21,16.5
2000-11-22,16.5
2000-11-23,16.5
2000-11-24,16.5
2000-11-25,16.5
2000-11-26,16.5
2000-11-27,16.5
2000-11-28,16.5
2000-11-29,16.5
2000-11-30,16.5
2000-12-01,16.5
2000-12-02,16.5
2000-12-03,16.5
2000-12-04,16.5
2000-12-05,16.5
2000-12-06,16.5
2000-12-07,16.5
2000-12-08,16.5
2000-12-09,16.5
2000-12-10,16.5
2000-12-11,16.5
2000-12-12,16.5
2000-12-13,16.5
2000-12-14,16.5
2000-12-15,16.5
2000-12-16,16.5
2000-12-17,16.5
2000-12-18,16.5
2000-12-19,16.5
2000-12-20,16.5
2000-12-21,15.75
2000-12-22,15.75
2000-12-23,15.75
2000-12-24,15.75
2000-12-25,15.75
2000-12-26,15.75
2000-12-27,15.75
2000-12-28,15.75
2000-12-29,15.75
2000-12-30,15.75
2000-12-31,15.75
2001-01-01,15.75
2001-01-02,15.75
2001-01-03,15.75
2001-01-04,15.75
2001-01-05,15.75
2001-01-06,15.75
2001-01-07,15.75
2001-01-08,15.75
2001-01-09,15.75
2001-01-10,15.75
2001-01-11,15.75
2001-01-12,15.75
2001-01-13,15.75
2001-01-14,15.75
2001-01-15,15.75
2001-01-16,15.75
2001-01-17,15.75
2001-01-18,15.25
2001-01-19,15.25
2001-01-20,15.25
2001-01-21,15.25
2001-01-22,15.25
2001-01-23,15.25
2001-01-24,15.25
2001-01-25,15.25
2001-01-26,15.25
2001-01-27,15.25
2001-01-28,15.25
2001-01-29,15.25
2001-01-30,15.25
2001-01-31,15.25
2001-02-01,15.25
2001-02-02,15.25
2001-02-03,15.25
2001-02-04,15.25
2001-02-05,15.25
2001-02-06,15.25
2001-02-07,15.25
2001-02-08,15.25
2001-02-09,15.25
2001-02-10,15.25
2001-02-11,15.25
2001-02-12,15.25
2001-02-13,15.25
2001-02-14,15.25
2001-02-15,15.25
2001-02-16,15.25
2001-02-17,15.25
2001-02-18,15.25
2001-02-19,15.25
2001-02-20,15.25
2001-02-21,15.25
2001-02-22,15.25
2001-02-23,15.25
2001-02-24,15.25
2001-02-25,15.25
2001-02-26,15.25
2001-02-27,15.25
2001-02-28,15.25
2001-03-01,15.25
2001-03-02,15.25
2001-03-03,15.25
2001-03-04,15.25
2001-03-05,15.25
2001-03-06,15.25
2001-03-07,15.25
2001-03-08,15.25
2001-03-09,15.25
2001-03-10,15.25
2001-03-11,15.25
2001-03-12,15.25
2001-03-13,15.25
2001-03-14,15.25
2001-03-15,15.25
2001-03-16,15.25
2001-03-17,15.25
2001-03-18,15.25
2001-03-19,15.25
2001-03-20,15.25
2001-03-21,15.25
2001-03-22,15.75
2001-03-23,15.75
2001-03-24,15.75
2001-03-25,15.75
2001-03-26,15.75
2001-03-27,15.75
2001-03-28,15.75
2001-03-29,15.75
2001-03-30,15.75
2001-03-31,15.75
2001-04-01,15.75
2001-04-02,15.75
2001-04-03,15.75
2001-04-04,15.75
2001-04-05,15.75
2001-04-06,15.75
2001-04-07,15.75
2001-04-08,15.75
2001-04-09,15.75
2001-04-10,15.75
2001-04-11,15.75
2001-04-12,15.75
2001-04-13,15.75
2001-04-14,15.75
2001-04-15,15.75
2001-04-16,15.75
2001-04-17,15.75
2001-04-18,15.75
2001-04-19,16.25
2001-04-20,16.25
2001-04-21,16.25
2001-04-22,16.25
2001-04-23,16.25
2001-04-24,16.25
2001-04-25,16.25
2001-04-26,16.25
2001-04-27,16.25
2001-04-28,16.25
2001-04-29,16.25
2001-04-30,16.25
2001-05-01,16.25
2001-05-02,16.25
2001-05-03,16.25
2001-05-04,16.25
2001-05-05,16.25
2001-05-06,16.25
2001-05-07,16.25
2001-05-08,16.25
2001-05-09,16.25
2001-05-10,16.25
2001-05-11,16.25
2001-05-12,16.25
2001-05-13,16.25
2001-05-14,16.25
2001-05-15,16.25
2001-05-16,16.25
2001-05-17,16.25
2001-05-18,16.25
2001-05-19,16.25
2001-05-20,16.25
2001-05-21,16.25
2001-05-22,16.25
2001-05-23,16.25
2001-05-24,16.75
2001-05-25,16.75
2001-05-26,16.75
2001-05-27,16.75
2001-05-28,16.75
2001-05-29,16.75
2001-05-30,16.75
2001-05-31,16.75
2001-06-01,16.75
2001-06-02,16.75
2001-06-03,16.75
2001-06-04,16.75
2001-06-05,16.75
2001-06-06,16.75
2001-06-07,16.75
2001-06-08,16.75
2001-06-09,16.75
2001-06-10,16.75
2001-06-11,16.75
2001-06-12,16.75
2001-06-13,16.75
2001-06-14,16.75
2001-06-15,16.75
2001-06-16,16.75
2001-06-17,16.75
2001-06-18,16.75
2001-06-19,16.75
2001-06-20,16.75
2001-06-21,18.25
2001-06-22,18.25
2001-06-23,18.25
2001-06-24,18.25
2001-06-25,18.25
2001-06-26,18.25
2001-06-27,18.25
2001-06-28,18.25
2001-06-29,18.25
2001-06-30,18.25
2001-07-01,18.25
2001-07-02,18.25
2001-07-03,18.25
2001-07-04,18.25
2001-07-05,18.25
2001-07-06,18.25
2001-07-07,18.25
2001-07-08,18.25
2001-07-09,18.25
2001-07-10,18.25
2001-07-11,18.25
2001-07-12,18.25
2001-07-13,18.25
2001-07-14,18.25
2001-07-15,18.25
2001-07-16,18.25
2001-07-17,18.25
2001-07-18,18.25
2001-07-19,19.0
2001-07-20,19.0
2001-07-21,19.0
2001-07-22,19.0
2001-07-23,19.0
2001-07-24,19.0
2001-07-25,19.0
2001-07-26,19.0
2001-07-27,19.0
2001-07-28,19.0
2001-07-29,19.0
2001-07-30,19.0
2001-07-31,19.0
2001-08-01,19.0
2001-08-02,19.0
2001-08-03,19.0
2001-08-04,19.0
2001-08-05,19.0
2001-08-06,19.0
2001-08-07,19.0
2001-08-08,19.0
2001-08-09,19.0
2001-08-10,19.0
2001-08-11,19.0
2001-08-12,19.0
2001-08-13,19.0
2001-08-14,19.0
2001-08-15,19.0
2001-08-16,19.0
2001-08-17,19.0
2001-08-18,19.0
2001-08-19,19.0
2001-08-20,19.0
2001-08-21,19.0
2001-08-22,19.0
2001-08-23,19.0
2001-08-24,19.0
2001-08-25,19.0
2001-08-26,19.0
2001-08-27,19.0
2001-08-28,19.0
2001-08-29,19.0
2001-08-30,19.0
2001-08-31,19.0
2001-09-01,19.0
2001-09-02,19.0
2001-09-03,19.0
2001-09-04,19.0
2001-09-05,19.0
2001-09-06,19.0
2001-09-07,19.0
2001-09-08,19.0
2001-09-09,19.0
2001-09-10,19.0
2001-09-11,19.0
2001-09-12,19.0
2001-09-13,19.0
2001-09-14,19.0
2001-09-15,19.0
2001-09-16,19.0
2001-09-17,19.0
2001-09-18,19.0
2001-09-19,19.0
2001-09-20,19.0
2001-09-21,19.0
2001-09-22,19.0
2001-09-23,19.0
2001-09-24,19.0
2001-09-25,19.0
2001-09-26,19.0
2001-09-27,19.0
2001-09-28,19.0
2001-09-29,19.0
2001-09-30,19.0
2001-10-01,19.0
2001-10-02,19.0
2001-10-03,19.0
2001-10-04,19.0
2001-10-05,19.0
2001-10-06,19.0
2001-10-07,19.0
2001-10-08,19.0
2001-10-09,19.0
2001-10-10,19.0
2001-10-11,19.0
2001-10-12,19.0
2001-10-13,19.0
2001-10-14,19.0
2001-10-15,19.0
2001-10-16,19.0
2001-10-17,19.0
2001-10-18,19.0
2001-10-19,19.0
2001-10-20,19.0
2001-10-21,19.0
2001-10-22,19.0
2001-10-23,19.0
2001-10-24,19.0
2001-10-25,19.0
2001-10-26,19.0
2001-10-27,19.0
2001-10-28,19.0
2001-10-29,19.0
2001-10-30,19.0
2001-10-31,19.0
2001-11-01,19.0
2001-11-02,19.0
2001-11-03,19.0
2001-11-04,19.0
2001-11-05,19.0
2001-11-06,19.0
2001-11-07,19.0
2001-11-08,19.0
2001-11-09,19.0
2001-11-10,19.0
2001-11-11,19.0
2001-11-12,19.0
2001-11-13,19.0
2001-11-14,19.0
2001-11-15,19.0
2001-11-16,19.0
2001-11-17,19.0
2001-11-18,19.0
2001-11-19,19.0
2001-11-20,19.0
2001-11-21,19.0
2001-11-22,19.0
2001-11-23,19.0
2001-11-24,19.0
2001-11-25,19.0
2001-11-26,19.0
2001-11-27,19.0
2001-11-28,19.0
2001-11-29,19.0
2001-11-30,19.0
2001-12-01,19.0
2001-12-02,19.0
2001-12-03,19.0
2001-12-04,19.0
2001-12-05,19.0
2001-12-06,19.0
2001-12-07,19.0
2001-12-08,19.0
2001-12-09,19.0
2001-12-10,19.0
2001-12-11,19.0
2001-12-12,19.0
2001-12-13,19.0
2001-12-14,19.0
2001-12-15,19.0
2001-12-16,19.0
2001-12-17,19.0
2001-12-18,19.0
2001-12-19,19.0
2001-12-20,19.0
2001-12-21,19.0
2001-12-22,19.0
2001-12-23,19.0
2001-12-24,19.0
2001-12-25,19.0
2001-12-26,19.0
2001-12-27,19.0
2001-12-28,19.0
2001-12-29,19.0
2001-12-30,19.0
2001-12-31,19.0
2002-01-01,19.0
2002-01-02,19.0
2002-01-03,19.0
2002-01-04,19.0
2002-01-05,19.0
2002-01-06,19.0
2002-01-07,19.0
2002-01-08,19.0
2002-01-09,19.0
2002-01-10,19.0
2002-01-11,19.0
2002-01-12,19.0
2002-01-13,19.0
2002-01-14,19.0
2002-01-15,19.0
2002-01-16,19.0
2002-01-17,19.0
2002-01-18,19.0
2002-01-19,19.0
2002-01-20,19.0
2002-01-21,19.0
2002-01-22,19.0
2002-01-23,19.0
2002-01-24,19.0
2002-01-25,19.0
2002-01-26,19.0
2002-01-27,19.0
2002-01-28,19.0
2002-01-29,19.0
2002-01-30,19.0
2002-01-31,19.0
2002-02-01,19.0
2002-02-02,19.0
2002-02-03,19.0
2002-02-04,19.0
2002-02-05,19.0
2002-02-06,19.0
2002-02-07,19.0
2002-02-08,19.0
2002-02-09,19.0
2002-02-10,19.0
2002-02-11,19.0
2002-02-12,19.0
2002-02-13,19.0
2002-02-14,19.0
2002-02-15,19.0
2002-02-16,19.0
2002-02-17,19.0
2002-02-18,19.0
2002-02-19,19.0
2002-02-20,19.0
2002-02-21,18.75
2002-02-22,18.75
2002-02-23,18.75
2002-02-24,18.75
2002-02-25,18.75
2002-02-26,18.75
2002-02-27,18.75
2002-02-28,18.75
2002-03-01,18.75
2002-03-02,18.75
2002-03-03,18.75
2002-03-04,18.75
2002-03-05,18.75
2002-03-06,18.75
2002-03-07,18.75
2002-03-08,18.75
2002-03-09,18.75
2002-03-10,18.75
2002-03-11,18.75
2002-03-12,18.75
2002-03-13,18.75
2002-03-14,18.75
2002-03-15,18.75
2002-03-16,18.75
2002-03-17,18.75
2002-03-18,18.75
2002-03-19,18.75
2002-03-20,18.75
2002-03-21,18.5
2002-03-22,18.5
2002-03-23,18.5
2002-03-24,18.5
2002-03-25,18.5
2002-03-26,18.5
2002-03-27,18.5
2002-03-28,18.5
2002-03-29,18.5
2002-03-30,18.5
2002-03-31,18.5
2002-04-01,18.5
2002-04-02,18.5
2002-04-03,18.5
2002-04-04,18.5
2002-04-05,18.5
2002-04-06,18.5
2002-04-07,18.5
2002-04-08,18.5
2002-04-09,18.5
2002-04-10,18.5
2002-04-11,18.5
2002-04-12,18.5
2002-04-13,18.5
2002-04-14,18.5
2002-04-15,18.5
2002-04-16,18.5
2002-04-17,18.5
2002-04-18,18.5
2002-04-19,18.5
2002-04-20,18.5
2002-04-21,18.5
2002-04-22,18.5
2002-04-23,18.5
2002-04-24,18.5
2002-04-25,18.5
2002-04-26,18.5
2002-04-27,18.5
2002-04-28,18.5
2002-04-29,18.5
2002-04-30,18.5
2002-05-01,18.5
2002-05-02,18.5
2002-05-03,18.5
2002-05-04,18.5
2002-05-05,18.5
2002-05-06,18.5
2002-05-07,18.5
2002-05-08,18.5
2002-05-09,18.5
2002-05-10,18.5
2002-05-11,18.5
2002-05-12,18.5
2002-05-13,18.5
2002-05-14,18.5
2002-05-15,18.5
2002-05-16,18.5
2002-05-17,18.5
2002-05-18,18.5
2002-05-19,18.5
2002-05-20,18.5
2002-05-21,18.5
2002-05-22,18.5
2002-05-23,18.5
2002-05-24,18.5
2002-05-25,18.5
2002-05-26,18.5
2002-05-27,18.5
2002-05-28,18.5
2002-05-29,18.5
2002-05-30,18.5
2002-05-31,18.5
2002-06-01,18.5
2002-06-02,18.5
2002-06-03,18.5
2002-06-04,18.5
2002-06-05,18.5
2002-06-06,18.5
2002-06-07,18.5
2002-06-08,18.5
2002-06-09,18.5
2002-06-10,18.5
2002-06-11,18.5
2002-06-12,18.5
2002-06-13,18.5
2002-06-14,18.5
2002-06-15,18.5
2002-06-16,18.5
2002-06-17,18.5
2002-06-18,18.5
2002-06-19,18.5
2002-06-20,18.5
2002-06-21,18.5
2002-06-22,18.5
2002-06-23,18.5
2002-06-24,18.5
2002-06-25,18.5
2002-06-26,18.5
2002-06-27,18.5
2002-06-28,18.5
2002-06-29,18.5
2002-06-30,18.5
2002-07-01,18.5
2002-07-02,18.5
2002-07-03,18.5
2002-07-04,18.5
2002-07-05,18.5
2002-07-06,18.5
2002-07-07,18.5
2002-07-08,18.5
2002-07-09,18.5
2002-07-10,18.5
2002-07-11,18.5
2002-07-12,18.5
2002-07-13,18.5
2002-07-14,18.5
2002-07-15,18.5
2002-07-16,18.5
2002-07-17,18.5
2002-07-18,18.0
2002-07-19,18.0
2002-07-20,18.0
2002-07-21,18.0
2002-07-22,18.0
2002-07-23,18.0
2002-07-24,18.0
2002-07-25,18.0
2002-07-26,18.0
2002-07-27,18.0
2002-07-28,18.0
2002-07-29,18.0
2002-07-30,18.0
2002-07-31,18.0
2002-08-01,18.0
2002-08-02,18.0
2002-08-03,18.0
2002-08-04,18.0
2002-08-05,18.0
2002-08-06,18.0
2002-08-07,18.0
2002-08-08,18.0
2002-08-09,18.0
2002-08-10,18.0
2002-08-11,18.0
2002-08-12,18.0
2002-08-13,18.0
2002-08-14,18.0
2002-08-15,18.0
2002-08-16,18.0
2002-08-17,18.0
2002-08-18,18.0
2002-08-19,18.0
2002-08-20,18.0
2002-08-21,18.0
2002-08-22,18.0
2002-08-23,18.0
2002-08-24,18.0
2002-08-25,18.0
2002-08-26,18.0
2002-08-27,18.0
2002-08-28,18.0
2002-08-29,18.0
2002-08-30,18.0
2002-08-31,18.0
2002-09-01,18.0
2002-09-02,18.0
2002-09-03,18.0
2002-09-04,18.0
2002-09-05,18.0
2002-09-06,18.0
2002-09-07,18.0
2002-09-08,18.0
2002-09-09,18.0
2002-09-10,18.0
2002-09-11,18.0
2002-09-12,18.0
2002-09-13,18.0
2002-09-14,18.0
2002-09-15,18.0
2002-09-16,18.0
2002-09-17,18.0
2002-09-18,18.0
2002-09-19,18.0
2002-09-20,18.0
2002-09-21,18.0
2002-09-22,18.0
2002-09-23,18.0
2002-09-24,18.0
2002-09-25,18.0
2002-09-26,18.0
2002-09-27,18.0
2002-09-28,18.0
2002-09-29,18.0
2002-09-30,18.0
2002-10-01,18.0
2002-10-02,18.0
2002-10-03,18.0
2002-10-04,18.0
2002-10-05,18.0
2002-10-06,18.0
2002-10-07,18.0
2002-10-08,18.0
2002-10-09,18.0
2002-10-10,18.0
2002-10-11,18.0
2002-10-12,18.0
2002-10-13,18.0
2002-10-14,18.0
2002-10-15,21.0
2002-10-16,21.0
2002-10-17,21.0
2002-10-18,21.0
2002-10-19,21.0
2002-10-20,21.0
2002-10-21,21.0
2002-10-22,21.0
2002-10-23,21.0
2002-10-24,21.0
2002-10-25,21.0
2002-10-26,21.0
2002-10-27,21.0
2002-10-28,21.0
2002-10-29,21.0
2002-10-30,21.0
2002-10-31,21.0
2002-11-01,21.0
2002-11-02,21.0
2002-11-03,21.0
2002-11-04,21.0
2002-11-05,21.0
2002-11-06,21.0
2002-11-07,21.0
2002-11-08,21.0
2002-11-09,21.0
2002-11-10,21.0
2002-11-11,21.0
2002-11-12,21.0
2002-11-13,21.0
2002-11-14,21.0
2002-11-15,21.0
2002-11-16,21.0
2002-11-17,21.0
2002-11-18,21.0
2002-11-19,21.0
2002-11-20,21.0
2002-11-21,22.0
2002-11-22,22.0
2002-11-23,22.0
2002-11-24,22.0
2002-11-25,22.0
2002-11-26,22.0
2002-11-27,22.0
2002-11-28,22.0
2002-11-29,22.0
2002-11-30,22.0
2002-12-01,22.0
2002-12-02,22.0
2002-12-03,22.0
2002-12-04,22.0
2002-12-05,22.0
2002-12-06,22.0
2002-12-07,22.0
2002-12-08,22.0
2002-12-09,22.0
2002-12-10,22.0
2002-12-11,22.0
2002-12-12,22.0
2002-12-13,22.0
2002-12-14,22.0
2002-12-15,22.0
2002-12-16,22.0
2002-12-17,22.0
2002-12-18,22.0
2002-12-19,25.0
2002-12-20,25.0
2002-12-21,25.0
2002-12-22,25.0
2002-12-23,25.0
2002-12-24,25.0
2002-12-25,25.0
2002-12-26,25.0
2002-12-27,25.0
2002-12-28,25.0
2002-12-29,25.0
2002-12-30,25.0
2002-12-31,25.0
2003-01-01,25.0
2003-01-02,25.0
2003-01-03,25.0
2003-01-04,25.0
2003-01-05,25.0
2003-01-06,25.0
2003-01-07,25.0
2003-01-08,25.0
2003-01-09,25.0
2003-01-10,25.0
2003-01-11,25.0
2003-01-12,25.0
2003-01-13,25.0
2003-01-14,25.0
2003-01-15,25.0
2003-01-16,25.0
2003-01-17,25.0
2003-01-18,25.0
2003-01-19,25.0
2003-01-20,25.0
2003-01-21,25.0
2003-01-22,25.0
2003-01-23,25.5
2003-01-24,25.5
2003-01-25,25.5
2003-01-26,25.5
2003-01-27,25.5
2003-01-28,25.5
2003-01-29,25.5
2003-01-30,25.5
2003-01-31,25.5
2003-02-01,25.5
2003-02-02,25.5
2003-02-03,25.5
2003-02-04,25.5
2003-02-05,25.5
2003-02-06,25.5
2003-02-07,25.5
2003-02-08,25.5
2003-02-09,25.5
2003-02-10,25.5
2003-02-11,25.5
2003-02-12,25.5
2003-02-13,25.5
2003-02-14,25.5
2003-02-15,25.5
2003-02-16,25.5
2003-02-17,25.5
2003-02-18,25.5
2003-02-19,25.5
2003-02-20,26.5
2003-02-21,26.5
2003-02-22,26.5
2003-02-23,26.5
2003-02-24,26.5
2003-02-25,26.5
2003-02-26,26.5
2003-02-27,26.5
2003-02-28,26.5
2003-03-01,26.5
2003-03-02,26.5
2003-03-03,26.5
2003-03-04,26.5
2003-03-05,26.5
2003-03-06,26.5
2003-03-07,26.5
2003-03-08,26.5
2003-03-09,26.5
2003-03-10,26.5
2003-03-11,26.5
2003-03-12,26.5
2003-03-13,26.5
2003-03-14,26.5
2003-03-15,26.5
2003-03-16,26.5
2003-03-17,26.5
2003-03-18,26.5
2003-03-19,26.5
2003-03-20,26.5
2003-03-21,26.5
2003-03-22,26.5
2003-03-23,26.5
2003-03-24,26.5
2003-03-25,26.5
2003-03-26,26.5
2003-03-27,26.5
2003-03-28,26.5
2003-03-29,26.5
2003-03-30,26.5
2003-03-31,26.5
2003-04-01,26.5
2003-04-02,26.5
2003-04-03,26.5
2003-04-04,26.5
2003-04-05,26.5
2003-04-06,26.5
2003-04-07,26.5
2003-04-08,26.5
2003-04-09,26.5
2003-04-10,26.5
2003-04-11,26.5
2003-04-12,26.5
2003-04-13,26.5
2003-04-14,26.5
2003-04-15,26.5
2003-04-16,26.5
2003-04-17,26.5
2003-04-18,26.5
2003-04-19,26.5
2003-04-20,26.5
2003-04-21,26.5
2003-04-22,26.5
2003-04-23,26.5
2003-04-24,26.5
2003-04-25,26.5
2003-04-26,26.5
2003-04-27,26.5
2003-04-28,26.5
2003-04-29,26.5
2003-04-30,26.5
2003-05-01,26.5
2003-05-02,26.5
2003-05-03,26.5
2003-05-04,26.5
2003-05-05,26.5
2003-05-06,26.5
2003-05-07,26.5
2003-05-08,26.5
2003-05-09,26.5
2003-05-10,26.5
2003-05-11,26.5
2003-05-12,26.5
2003-05-13,26.5
2003-05-14,26.5
2003-05-15,26.5
2003-05-16,26.5
2003-05-17,26.5
2003-05-18,26.5
2003-05-19,26.5
2003-05-20,26.5
2003-05-21,26.5
2003-05-22,26.5
2003-05-23,26.5
2003-05-24,26.5
2003-05-25,26.5
2003-05-26,26.5
2003-05-27,26.5
2003-05-28,26.5
2003-05-29,26.5
2003-05-30,26.5
2003-05-31,26.5
2003-06-01,26.5
2003-06-02,26.5
2003-06-03,26.5
2003-06-04,26.5
2003-06-05,26.5
2003-06-06,26.5
2003-06-07,26.5
2003-06-08,26.5
2003-06-09,26.5
2003-06-10,26.5
2003-06-11,26.5
2003-06-12,26.5
2003-06-13,26.5
2003-06-14,26.5
2003-06-15,26.5
2003-06-16,26.5
2003-06-17,26.5
2003-06-18,26.5
2003-06-19,26.5
2003-06-20,26.0
2003-06-21,26.0
2003-06-22,26.0
2003-06-23,26.0
2003-06-24,26.0
2003-06-25,26.0
2003-06-26,26.0
2003-06-27,26.0
2003-06-28,26.0
2003-06-29,26.0
2003-06-30,26.0
2003-07-01,26.0
2003-07-02,26.0
2003-07-03,26.0
2003-07-04,26.0
2003-07-05,26.0
2003-07-06,26.0
2003-07-07,26.0
2003-07-08,26.0
2003-07-09,26.0
2003-07-10,26.0
2003-07-11,26.0
2003-07-12,26.0
2003-07-13,26.0
2003-07-14,26.0
2003-07-15,26.0
2003-07-16,26.0
2003-07-17,26.0
2003-07-18,26.0
2003-07-19,26.0
2003-07-20,26.0
2003-07-21,26.0
2003-07-22,26.0
2003-07-23,26.0
2003-07-24,24.5
2003-07-25,24.5
2003-07-26,24.5
2003-07-27,24.5
2003-07-28,24.5
2003-07-29,24.5
2003-07-30,24.5
2003-07-31,24.5
2003-08-01,24.5
2003-08-02,24.5
2003-08-03,24.5
2003-08-04,24.5
2003-08-05,24.5
2003-08-06,24.5
2003-08-07,24.5
2003-08-08,24.5
2003-08-09,24.5
2003-08-10,24.5
2003-08-11,24.5
2003-08-12,24.5
2003-08-13,24.5
2003-08-14,24.5
2003-08-15,24.5
2003-08-16,24.5
2003-08-17,24.5
2003-08-18,24.5
2003-08-19,24.5
2003-08-20,24.5
2003-08-21,22.0
2003-08-22,22.0
2003-08-23,22.0
2003-08-24,22.0
2003-08-25,22.0
2003-08-26,22.0
2003-08-27,22.0
2003-08-28,22.0
2003-08-29,22.0
2003-08-30,22.0
2003-08-31,22.0
2003-09-01,22.0
2003-09-02,22.0
2003-09-03,22.0
2003-09-04,22.0
2003-09-05,22.0
2003-09-06,22.0
2003-09-07,22.0
2003-09-08,22.0
2003-09-09,22.0
2003-09-10,22.0
2003-09-11,22.0
2003-09-12,22.0
2003-09-13,22.0
2003-09-14,22.0
2003-09-15,22.0
2003-09-16,22.0
2003-09-17,22.0
2003-09-18,20.0
2003-09-19,20.0
2003-09-20,20.0
2003-09-21,20.0
2003-09-22,20.0
2003-09-23,20.0
2003-09-24,20.0
2003-09-25,20.0
2003-09-26,20.0
2003-09-27,20.0
2003-09-28,20.0
2003-09-29,20.0
2003-09-30,20.0
2003-10-01,20.0
2003-10-02,20.0
2003-10-03,20.0
2003-10-04,20.0
2003-10-05,20.0
2003-10-06,20.0
2003-10-07,20.0
2003-10-08,20.0
2003-10-09,20.0
2003-10-10,20.0
2003-10-11,20.0
2003-10-12,20.0
2003-10-13,20.0
2003-10-14,20.0
2003-10-15,20.0
2003-10-16,20.0
2003-10-17,20.0
2003-10-18,20.0
2003-10-19,20.0
2003-10-20,20.0
2003-10-21,20.0
2003-10-22,20.0
2003-10-23,19.0
2003-10-24,19.0
2003-10-25,19.0
2003-10-26,19.0
2003-10-27,19.0
2003-10-28,19.0
2003-10-29,19.0
2003-10-30,19.0
2003-10-31,19.0
2003-11-01,19.0
2003-11-02,19.0
2003-11-03,19.0
2003-11-04,19.0
2003-11-05,19.0
2003-11-06,19.0
2003-11-07,19.0
2003-11-08,19.0
2003-11-09,19.0
2003-11-10,19.0
2003-11-11,19.0
2003-11-12,19.0
2003-11-13,19.0
2003-11-14,19.0
2003-11-15,19.0
2003-11-16,19.0
2003-11-17,19.0
2003-11-18,19.0
2003-11-19,19.0
2003-11-20,17.5
2003-11-21,17.5
2003-11-22,17.5
2003-11-23,17.5
2003-11-24,17.5
2003-11-25,17.5
2003-11-26,17.5
2003-11-27,17.5
2003-11-28,17.5
2003-11-29,17.5
2003-11-30,17.5
2003-12-01,17.5
2003-12-02,17.5
2003-12-03,17.5
2003-12-04,17.5
2003-12-05,17.5
2003-12-06,17.5
2003-12-07,17.5
2003-12-08,17.5
2003-12-09,17.5
2003-12-10,17.5
2003-12-11,17.5
2003-12-12,17.5
2003-12-13,17.5
2003-12-14,17.5
2003-12-15,17.5
2003-12-16,17.5
2003-12-17,17.5
2003-12-18,16.5
2003-12-19,16.5
2003-12-20,16.5
2003-12-21,16.5
2003-12-22,16.5
2003-12-23,16.5
2003-12-24,16.5
2003-12-25,16.5
2003-12-26,16.5
2003-12-27,16.5
2003-12-28,16.5
2003-12-29,16.5
2003-12-30,16.5
2003-12-31,16.5
2004-01-01,16.5
2004-01-02,16.5
2004-01-03,16.5
2004-01-04,16.5
2004-01-05,16.5
2004-01-06,16.5
2004-01-07,16.5
2004-01-08,16.5
2004-01-09,16.5
2004-01-10,16.5
2004-01-11,16.5
2004-01-12,16.5
2004-01-13,16.5
2004-01-14,16.5
2004-01-15,16.5
2004-01-16,16.5
2004-01-17,16.5
2004-01-18,16.5
2004-01-19,16.5
2004-01-20,16.5
2004-01-21,16.5
2004-01-22,16.5
2004-01-23,16.5
2004-01-24,16.5
2004-01-25,16.5
2004-01-26,16.5
2004-01-27,16.5
2004-01-28,16.5
2004-01-29,16.5
2004-01-30,16.5
2004-01-31,16.5
2004-02-01,16.5
2004-02-02,16.5
2004-02-03,16.5
2004-02-04,16.5
2004-02-05,16.5
2004-02-06,16.5
2004-02-07,16.5
2004-02-08,16.5
2004-02-09,16.5
2004-02-10,16.5
2004-02-11,16.5
2004-02-12,16.5
2004-02-13,16.5
2004-02-14,16.5
2004-02-15,16.5
2004-02-16,16.5
2004-02-17,16.5
2004-02-18,16.5
2004-02-19,16.5
2004-02-20,16.5
2004-02-21,16.5
2004-02-22,16.5
2004-02-23,16.5
2004-02-24,16.5
2004-02-25,16.5
2004-02-26,16.5
2004-02-27,16.5
2004-02-28,16.5
2004-02-29,16.5
2004-03-01,16.5
2004-03-02,16.5
2004-03-03,16.5
2004-03-04,16.5
2004-03-05,16.5
2004-03-06,16.5
2004-03-07,16.5
2004-03-08,16.5
2004-03-09,16.5
2004-03-10,16.5
2004-03-11,16.5
2004-03-12,16.5
2004-03-13,16.5
2004-03-14,16.5
2004-03-15,16.5
2004-03-16,16.5
2004-03-17,16.5
2004-03-18,16.25
2004-03-19,16.25
2004-03-20,16.25
2004-03-21,16.25
2004-03-22,16.25
2004-03-23,16.25
2004-03-24,16.25
2004-03-25,16.25
2004-03-26,16.25
2004-03-27,16.25
2004-03-28,16.25
2004-03-29,16.25
2004-03-30,16.25
2004-03-31,16.25
2004-04-01,16.25
2004-04-02,16.25
2004-04-03,16.25
2004-04-04,16.25
2004-04-05,16.25
2004-04-06,16.25
2004-04-07,16.25
2004-04-08,16.25
2004-04-09,16.25
2004-04-10,16.25
2004-04-11,16.25
2004-04-12,16.25
2004-04-13,16.25
2004-04-14,16.25
2004-04-15,16.0
2004-04-16,16.0
2004-04-17,16.0
2004-04-18,16.0
2004-04-19,16.0
2004-04-20,16.0
2004-04-21,16.0
2004-04-22,16.0
2004-04-23,16.0
2004-04-24,16.0
2004-04-25,16.0
2004-04-26,16.0
2004-04-27,16.0
2004-04-28,16.0
2004-04-29,16.0
2004-04-30,16.0
2004-05-01,16.0
2004-05-02,16.0
2004-05-03,16.0
2004-05-04,16.0
2004-05-05,16.0
2004-05-06,16.0
2004-05-07,16.0
2004-05-08,16.0
2004-05-09,16.0
2004-05-10,16.0
2004-05-11,16.0
2004-05-12,16.0
2004-05-13,16.0
2004-05-14,16.0
2004-05-15,16.0
2004-05-16,16.0
2004-05-17,16.0
2004-05-18,16.0
2004-05-19,16.0
2004-05-20,16.0
2004-05-21,16.0
2004-05-22,16.0
2004-05-23,16.0
2004-05-24,16.0
2004-05-25,16.0
2004-05-26,16.0
2004-05-27,16.0
2004-05-28,16.0
2004-05-29,16.0
2004-05-30,16.0
2004-05-31,16.0
2004-06-01,16.0
2004-06-02,16.0
2004-06-03,16.0
2004-06-04,16.0
2004-06-05,16.0
2004-06-06,16.0
2004-06-07,16.0
2004-06-08,16.0
2004-06-09,16.0
2004-06-10,16.0
2004-06-11,16.0
2004-06-12,16.0
2004-06-13,16.0
2004-06-14,16.0
2004-06-15,16.0
2004-06-16,16.0
2004-06-17,16.0
2004-06-18,16.0
2004-06-19,16.0
2004-06-20,16.0
2004-06-21,16.0
2004-06-22,16.0
2004-06-23,16.0
2004-06-24,16.0
2004-06-25,16.0
2004-06-26,16.0
2004-06-27,16.0
2004-06-28,16.0
2004-06-29,16.0
2004-06-30,16.0
2004-07-01,16.0
2004-07-02,16.0
2004-07-03,16.0
2004-07-04,16.0
2004-07-05,16.0
2004-07-06,16.0
2004-07-07,16.0
2004-07-08,16.0
2004-07-09,16.0
2004-07-10,16.0
2004-07-11,16.0
2004-07-12,16.0
2004-07-13,16.0
2004-07-14,16.0
2004-07-15,16.0
2004-07-16,16.0
2004-07-17,16.0
2004-07-18,16.0
2004-07-19,16.0
2004-07-20,16.0
2004-07-21,16.0
2004-07-22,16.0
2004-07-23,16.0
2004-07-24,16.0
2004-07-25,16.0
2004-07-26,16.0
2004-07-27,16.0
2004-07-28,16.0
2004-07-29,16.0
2004-07-30,16.0
2004-07-31,16.0
2004-08-01,16.0
2004-08-02,16.0
2004-08-03,16.0
2004-08-04,16.0
2004-08-05,16.0
2004-08-06,16.0
2004-08-07,16.0
2004-08-08,16.0
2004-08-09,16.0
2004-08-10,16.0
2004-08-11,16.0
2004-08-12,16.0
2004-08-13,16.0
2004-08-14,16.0
2004-08-15,16.0
2004-08-16,16.0
2004-08-17,16.0
2004-08-18,16.0
2004-08-19,16.0
2004-08-20,16.0
2004-08-21,16.0
2004-08-22,16.0
2004-08-23,16.0
2004-08-24,16.0
2004-08-25,16.0
2004-08-26,16.0
2004-08-27,16.0
2004-08-28,16.0
2004-08-29,16.0
2004-08-30,16.0
2004-08-31,16.0
2004-09-01,16.0
2004-09-02,16.0
2004-09-03,16.0
2004-09-04,16.0
2004-09-05,16.0
2004-09-06,16.0
2004-09-07,16.0
2004-09-08,16.0
2004-09-09,16.0
2004-09-10,16.0
2004-09-11,16.0
2004-09-12,16.0
2004-09-13,16.0
2004-09-14,16.0
2004-09-15,16.0
2004-09-16,16.25
2004-09-17,16.25
2004-09-18,16.25
2004-09-19,16.25
2004-09-20,16.25
2004-09-21,16.25
2004-09-22,16.25
2004-09-23,16.25
2004-09-24,16.25
2004-09-25,16.25
2004-09-26,16.25
2004-09-27,16.25
2004-09-28,16.25
2004-09-29,16.25
2004-09-30,16.25
2004-10-01,16.25
2004-10-02,16.25
2004-10-03,16.25
2004-10-04,16.25
2004-10-05,16.25
2004-10-06,16.25
2004-10-07,16.25
2004-10-08,16.25
2004-10-09,16.25
2004-10-10,16.25
2004-10-11,16.25
2004-10-12,16.25
2004-10-13,16.25
2004-10-14,16.25
2004-10-15,16.25
2004-10-16,16.25
2004-10-17,16.25
2004-10-18,16.25
2004-10-19,16.25
2004-10-20,16.25
2004-10-21,16.75
2004-10-22,16.75
2004-10-23,16.75
2004-10-24,16.75
2004-10-25,16.75
2004-10-26,16.75
2004-10-27,16.75
2004-10-28,16.75
2004-10-29,16.75
2004-10-30,16.75
2004-10-31,16.75
2004-11-01,16.75
2004-11-02,16.75
2004-11-03,16.75
2004-11-04,16.75
2004-11-05,16.75
2004-11-06,16.75
2004-11-07,16.75
2004-11-08,16.75
2004-11-09,16.75
2004-11-10,16.75
2004-11-11,16.75
2004-11-12,16.75
2004-11-13,16.75
2004-11-14,16.75
2004-11-15,16.75
2004-11-16,16.75
2004-11-17,16.75
2004-11-18,17.25
2004-11-19,17.25
2004-11-20,17.25
2004-11-21,17.25
2004-11-22,17.25
2004-11-23,17.25
2004-11-24,17.25
2004-11-25,17.25
2004-11-26,17.25
2004-11-27,17.25
2004-11-28,17.25
2004-11-29,17.25
2004-11-30,17.25
2004-12-01,17.25
2004-12-02,17.25
2004-12-03,17.25
2004-12-04,17.25
2004-12-05,17.25
2004-12-06,17.25
2004-12-07,17.25
2004-12-08,17.25
2004-12-09,17.25
2004-12-10,17.25
2004-12-11,17.25
2004-12-12,17.25
2004-12-13,17.25
2004-12-14,17.25
2004-12-15,17.25
2004-12-16,17.75
2004-12-17,17.75
2004-12-18,17.75
2004-12-19,17.75
2004-12-20,17.75
2004-12-21,17.75
2004-12-22,17.75
2004-12-23,17.75
2004-12-24,17.75
2004-12-25,17.75
2004-12-26,17.75
2004-12-27,17.75
2004-12-28,17.75
2004-12-29,17.75
2004-12-30,17.75
2004-12-31,17.75
2023-01-01,13.75
2023-01-02,13.75
2023-01-03,13.75
2023-01-04,13.75
2023-01-05,13.75
2023-01-06,13.75
2023-01-07,13.75
2023-01-08,13.75
2023-01-09,13.75
2023-01-10,13.75
2023-01-11,13.75
2023-01-12,13.75
2023-01-13,13.75
2023-01-14,13.75
2023-01-15,13.75
2023-01-16,13.75
2023-01-17,13.75
2023-01-18,13.75
2023-01-19,13.75
2023-01-20,13.75
2023-01-21,13.75
2023-01-22,13.75
2023-01-23,13.75
2023-01-24,13.75
2023-01-25,13.75
2023-01-26,13.75
2023-01-27,13.75
2023-01-28,13.75
2023-01-29,13.75
2023-01-30,13.75
2023-01-31,13.75
2023-02-01,13.75
2023-02-02,13.75
2023-02-03,13.75
2023-02-04,13.75
2023-02-05,13.75
2023-02-06,13.75
2023-02-07,13.75
2023-02-08,13.75
2023-02-09,13.75
2023-02-10,13.75
2023-02-11,13.75
2023-02-12,13.75
2023-02-13,13.75
2023-02-14,13.75
2023-02-15,13.75
2023-02-16,13.75
2023-02-17,13.75
2023-02-18,13.75
2023-02-19,13.75
2023-02-20,13.75
2023-02-21,13.75
2023-02-22,13.75
2023-02-23,13.75
2023-02-24,13.75
2023-02-25,13.75
2023-02-26,13.75
2023-02-27,13.75
2023-02-28,13.75
2023-03-01,13.75
2023-03-02,13.75
2023-03-03,13.75
2023-03-04,13.75
2023-03-05,13.75
2023-03-06,13.75
2023-03-07,13.75
2023-03-08,13.75
2023-03-09,13.75
2023-03-10,13.75
2023-03-11,13.75
2023-03-12,13.75
2023-03-13,13.75
2023-03-14,13.75
2023-03-15,13.75
2023-03-16,13.75
2023-03-17,13.75
2023-03-18,13.75
2023-03-19,13.75
2023-03-20,13.75
2023-03-21,13.75
2023-03-22,13.75
2023-03-23,13.75
2023-03-24,13.75
2023-03-25,13.75
2023-03-26,13.75
2023-03-27,13.75
2023-03-28,13.75
2023-03-29,13.75
2023-03-30,13.75
2023-03-31,13.75
2023-04-01,13.75
2023-04-02,13.75
2023-04-03,13.75
2023-04-04,13.75
2023-04-05,13.75
2023-04-06,13.75
2023-04-07,13.75
2023-04-08,13.75
2023-04-09,13.75
2023-04-10,13.75
2023-04-11,13.75
2023-04-12,13.75
2023-04-13,13.75
2023-04-14,13.75
2023-04-15,13.75
2023-04-16,13.75
2023-04-17,13.75
2023-04-18,13.75
2023-04-19,13.75
2023-04-20,13.75
2023-04-21,13.75
2023-04-22,13.75
2023-04-23,13.75
2023-04-24,13.75
2023-04-25,13.75
2023-04-26,13.75
2023-04-27,13.75
2023-04-28,13.75
2023-04-29,13.75
2023-04-30,13.75
2023-05-01,13.75
2023-05-02,13.75
2023-05-03,13.75
2023-05-04,13.75
2023-05-05,13.75
2023-05-06,13.75
2023-05-07,13.75
2023-05-08,13.75
2023-05-09,13.75
2023-05-10,13.75
2023-05-11,13.75
2023-05-12,13.75
2023-05-13,13.75
2023-05-14,13.75
2023-05-15,13.75
2023-05-16,13.75
2023-05-17,13.75
2023-05-18,13.75
2023-05-19,13.75
2023-05-20,13.75
2023-05-21,13.75
2023-05-22,13.75
2023-05-23,13.75
2023-05-24,13.75
2023-05-25,13.75
2023-05-26,13.75
2023-05-27,13.75
2023-05-28,13.75
2023-05-29,13.75
2023-05-30,13.75
2023-05-31,13.75
2023-06-01,13.75
2023-06-02,13.75
2023-06-03,13.75
2023-06-04,13.75
2023-06-05,13.75
2023-06-06,13.75
2023-06-07,13.75
2023-06-08,13.75
2023-06-09,13.75
2023-06-10,13.75
2023-06-11,13.75
2023-06-12,13.75
2023-06-13,13.75
2023-06-14,13.75
2023-06-15,13.75
2023-06-16,13.75
2023-06-17,13.75
2023-06-18,13.75
2023-06-19,13.75
2023-06-20,13.75
2023-06-21,13.75
2023-06-22,13.75
2023-06-23,13.75
2023-06-24,13.75
2023-06-25,13.75
2023-06-26,13.75
2023-06-27,13.75
2023-06-28,13.75
2023-06-29,13.75
2023-06-30,13.75
2023-07-01,13.75
2023-07-02,13.75
2023-07-03,13.75
2023-07-04,13.75
2023-07-05,13.75
2023-07-06,13.75
2023-07-07,13.75
2023-07-08,13.75
2023-07-09,13.75
2023-07-10,13.75
2023-07-11,13.75
2023-07-12,13.75
2023-07-13,13.75
2023-07-14,13.75
2023-07-15,13.75
2023-07-16,13.75
2023-07-17,13.75
2023-07-18,13.75
2023-07-19,13.75
2023-07-20,13.75
2023-07-21,13.75
2023-07-22,13.75
2023-07-23,13.75
2023-07-24,13.75
2023-07-25,13.75
2023-07-26,13.75
2023-07-27,13.75
2023-07-28,13.75
2023-07-29,13.75
2023-07-30,13.75
2023-07-31,13.75
2023-08-01,13.75
2023-08-02,13.75
2023-08-03,13.25
2023-08-04,13.25
2023-08-05,13.25
2023-08-06,13.25
2023-08-07,13.25
2023-08-08,13.25
2023-08-09,13.25
2023-08-10,13.25
2023-08-11,13.25
2023-08-12,13.25
2023-08-13,13.25
2023-08-14,13.25
2023-08-15,13.25
2023-08-16,13.25
2023-08-17,13.25
2023-08-18,13.25
2023-08-19,13.25
2023-08-20,13.25
2023-08-21,13.25
2023-08-22,13.25
2023-08-23,13.25
2023-08-24,13.25
2023-08-25,13.25
2023-08-26,13.25
2023-08-27,13.25
2023-08-28,13.25
2023-08-29,13.25
2023-08-30,13.25
2023-08-31,13.25
2023-09-01,13.25
2023-09-02,13.25
2023-09-03,13.25
2023-09-04,13.25
2023-09-05,13.25
2023-09-06,13.25
2023-09-07,13.25
2023-09-08,13.25
2023-09-09,13.25
2023-09-10,13.25
2023-09-11,13.25
2023-09-12,13.25
2023-09-13,13.25
2023-09-14,13.25
2023-09-15,13.25
2023-09-16,13.25
2023-09-17,13.25
2023-09-18,13.25
2023-09-19,13.25
2023-09-20,13.25
2023-09-21,12.75
2023-09-22,12.75
2023-09-23,12.75
2023-09-24,12.75
2023-09-25,12.75
2023-09-26,12.75
2023-09-27,12.75
2023-09-28,12.75
2023-09-29,12.75
2023-09-30,12.75
2023-10-01,12.75
2023-10-02,12.75
2023-10-03,12.75
2023-10-04,12.75
2023-10-05,12.75
2023-10-06,12.75
2023-10-07,12.75
2023-10-08,12.75
2023-10-09,12.75
2023-10-10,12.75
2023-10-11,12.75
2023-10-12,12.75
2023-10-13,12.75
2023-10-14,12.75
2023-10-15,12.75
2023-10-16,12.75
2023-10-17,12.75
2023-10-18,12.75
2023-10-19,12.75
2023-10-20,12.75
2023-10-21,12.75
2023-10-22,12.75
2023-10-23,12.75
2023-10-24,12.75
2023-10-25,12.75
2023-10-26,12.75
2023-10-27,12.75
2023-10-28,12.75
2023-10-29,12.75
2023-10-30,12.75
2023-10-31,12.75
2023-11-01,12.75
2023-11-02,12.25
2023-11-03,12.25
2023-11-04,12.25
2023-11-05,12.25
2023-11-06,12.25
2023-11-07,12.25
2023-11-08,12.25
2023-11-09,12.25
2023-11-10,12.25
2023-11-11,12.25
2023-11-12,12.25
2023-11-13,12.25
2023-11-14,12.25
2023-11-15,12.25
2023-11-16,12.25
2023-11-17,12.25
2023-11-18,12.25
2023-11-19,12.25
2023-11-20,12.25
2023-11-21,12.25
2023-11-22,12.25
2023-11-23,12.25
2023-11-24,12.25
2023-11-25,12.25
2023-11-26,12.25
2023-11-27,12.25
2023-11-28,12.25
2023-11-29,12.25
2023-11-30,12.25
2023-12-01,12.25
2023-12-02,12.25
2023-12-03,12.25
2023-12-04,12.25
2023-12-05,12.25
2023-12-06,12.25
2023-12-07,12.25
2023-12-08,12.25
2023-12-09,12.25
2023-12-10,12.25
2023-12-11,12.25
2023-12-12,12.25
2023-12-13,12.25
2023-12-14,11.75
2023-12-15,11.75
2023-12-16,11.75
2023-12-17,11.75
2023-12-18,11.75
2023-12-19,11.75
2023-12-20,11.75
2023-12-21,11.75
2023-12-22,11.75
2023-12-23,11.75
2023-12-24,11.75
2023-12-25,11.75
2023-12-26,11.75
2023-12-27,11.75
2023-12-28,11.75
2023-12-29,11.75
2023-12-30,11.75
2023-12-31,11.75
2024-01-01,11.75
2024-01-02,11.75
2024-01-03,11.75
2024-01-04,11.75
2024-01-05,11.75
2024-01-06,11.75
2024-01-07,11.75
2024-01-08,11.75
2024-01-09,11.75
2024-01-10,11.75
2024-01-11,11.75
2024-01-12,11.75
2024-01-13,11.75
2024-01-14,11.75
2024-01-15,11.75
2024-01-16,11.75
2024-01-17,11.75
2024-01-18,11.75
2024-01-19,11.75
2024-01-20,11.75
2024-01-21,11.75
2024-01-22,11.75
2024-01-23,11.75
2024-01-24,11.75
2024-01-25,11.75
2024-01-26,11.75
2024-01-27,11.75
2024-01-28,11.75
2024-01-29,11.75
2024-01-30,11.75
2024-01-31,11.75
2024-02-01,11.25
2024-02-02,11.25
2024-02-03,11.25
2024-02-04,11.25
2024-02-05,11.25
2024-02-06,11.25
2024-02-07,11.25
2024-02-08,11.25
2024-02-09,11.25
2024-02-10,11.25
2024-02-11,11.25
2024-02-12,11.25
2024-02-13,11.25
2024-02-14,11.25
2024-02-15,11.25
2024-02-16,11.25
2024-02-17,11.25
2024-02-18,11.25
2024-02-19,11.25
2024-02-20,11.25
2024-02-21,11.25
2024-02-22,11.25
2024-02-23,11.25
2024-02-24,11.25
2024-02-25,11.25
2024-02-26,11.25
2024-02-27,11.25
2024-02-28,11.25
2024-02-29,11.25
2024-03-01,11.25
2024-03-02,11.25
2024-03-03,11.25
2024-03-04,11.25
2024-03-05,11.25
2024-03-06,11.25
2024-03-07,11.25
2024-03-08,11.25
2024-03-09,11.25
2024-03-10,11.25
2024-03-11,11.25
2024-03-12,11.25
2024-03-13,11.25
2024-03-14,11.25
2024-03-15,11.25
2024-03-16,11.25
2024-03-17,11.25
2024-03-18,11.25
2024-03-19,11.25
2024-03-20,11.25
2024-03-21,10.75
2024-03-22,10.75
2024-03-23,10.75
2024-03-24,10.75
2024-03-25,10.75
2024-03-26,10.75
2024-03-27,10.75
2024-03-28,10.75
2024-03-29,10.75
2024-03-30,10.75
2024-03-31,10.75
2024-04-01,10.75
2024-04-02,10.75
2024-04-03,10.75
2024-04-04,10.75
2024-04-05,10.75
2024-04-06,10.75
2024-04-07,10.75
2024-04-08,10.75
2024-04-09,10.75
2024-04-10,10.75
2024-04-11,10.75
2024-04-12,10.75
2024-04-13,10.75
2024-04-14,10.75
2024-04-15,10.75
2024-04-16,10.75
2024-04-17,10.75
2024-04-18,10.75
2024-04-19,10.75
2024-04-20,10.75
2024-04-21,10.75
2024-04-22,10.75
2024-04-23,10.75
2024-04-24,10.75
2024-04-25,10.75
2024-04-26,10.75
2024-04-27,10.75
2024-04-28,10.75
2024-04-29,10.75
2024-04-30,10.75
2024-05-01,10.75
2024-05-02,10.75
2024-05-03,10.75
2024-05-04,10.75
2024-05-05,10.75
2024-05-06,10.75
2024-05-07,10.75
2024-05-08,10.75
2024-05-09,10.5
2024-05-10,10.5
2024-05-11,10.5
2024-05-12,10.5
2024-05-13,10.5
2024-05-14,10.5
2024-05-15,10.5
2024-05-16,10.5
2024-05-17,10.5
2024-05-18,10.5
2024-05-19,10.5
2024-05-20,10.5
2024-05-21,10.5
2024-05-22,10.5
2024-05-23,10.5
2024-05-24,10.5
2024-05-25,10.5
2024-05-26,10.5
2024-05-27,10.5
2024-05-28,10.5
2024-05-29,10.5
2024-05-30,10.5
2024-05-31,10.5
2024-06-01,10.5
2024-06-02,10.5
2024-06-03,10.5
2024-06-04,10.5
2024-06-05,10.5
2024-06-06,10.5
2024-06-07,10.5
2024-06-08,10.5
2024-06-09,10.5
2024-06-10,10.5
2024-06-11,10.5
2024-06-12,10.5
2024-06-13,10.5
2024-06-14,10.5
2024-06-15,10.5
2024-06-16,10.5
2024-06-17,10.5
2024-06-18,10.5
2024-06-19,10.5
2024-06-20,10.5
2024-06-21,10.5
2024-06-22,10.5
2024-06-23,10.5
2024-06-24,10.5
2024-06-25,10.5
2024-06-26,10.5
2024-06-27,10.5
2024-06-28,10.5
2024-06-29,10.5
2024-06-30,10.5
2024-07-01,10.5
2024-07-02,10.5
2024-07-03,10.5
2024-07-04,10.5
2024-07-05,10.5
2024-07-06,10.5
2024-07-07,10.5
2024-07-08,10.5
2024-07-09,10.5
2024-07-10,10.5
2024-07-11,10.5
2024-07-12,10.5
2024-07-13,10.5
2024-07-14,10.5
2024-07-15,10.5
2024-07-16,10.5
2024-07-17,10.5
2024-07-18,10.5
2024-07-19,10.5
2024-07-20,10.5
2024-07-21,10.5
2024-07-22,10.5
2024-07-23,10.5
2024-07-24,10.5
2024-07-25,10.5
2024-07-26,10.5
2024-07-27,10.5
2024-07-28,10.5
2024-07-29,10.5
2024-07-30,10.5
2024-07-31,10.5
2024-08-01,10.5
2024-08-02,10.5
2024-08-03,10.5
2024-08-04,10.5
2024-08-05,10.5
2024-08-06,10.5
2024-08-07,10.5
2024-08-08,10.5
2024-08-09,10.5
2024-08-10,10.5
2024-08-11,10.5
2024-08-12,10.5
2024-08-13,10.5
2024-08-14,10.5
2024-08-15,10.5
2024-08-16,10.5
2024-08-17,10.5
2024-08-18,10.5
2024-08-19,10.5
2024-08-20,10.5
2024-08-21,10.5
2024-08-22,10.5
2024-08-23,10.5
2024-08-24,10.5
2024-08-25,10.5
2024-08-26,10.5
2024-08-27,10.5
2024-08-28,10.5
2024-08-29,10.5
2024-08-30,10.5
2024-08-31,10.5
2024-09-01,10.5
2024-09-02,10.5
2024-09-03,10.5
2024-09-04,10.5
2024-09-05,10.5
2024-09-06,10.5
2024-09-07,10.5
2024-09-08,10.5
2024-09-09,10.5
2024-09-10,10.5
2024-09-11,10.5
2024-09-12,10.5
2024-09-13,10.5
2024-09-14,10.5
2024-09-15,10.5
2024-09-16,10.5
2024-09-17,10.5
2024-09-18,10.5
2024-09-19,10.75
2024-09-20,10.75
2024-09-21,10.75
2024-09-22,10.75
2024-09-23,10.75
2024-09-24,10.75
2024-09-25,10.75
2024-09-26,10.75
2024-09-27,10.75
2024-09-28,10.75
2024-09-29,10.75
2024-09-30,10.75
2024-10-01,10.75
2024-10-02,10.75
2024-10-03,10.75
2024-10-04,10.75
2024-10-05,10.75
2024-10-06,10.75
2024-10-07,10.75
2024-10-08,10.75
2024-10-09,10.75
2024-10-10,10.75
2024-10-11,10.75
2024-10-12,10.75
2024-10-13,10.75
2024-10-14,10.75
2024-10-15,10.75
2024-10-16,10.75
2024-10-17,10.75
2024-10-18,10.75
2024-10-19,10.75
2024-10-20,10.75
2024-10-21,10.75
2024-10-22,10.75
2024-10-23,10.75
2024-10-24,10.75
2024-10-25,10.75
2024-10-26,10.75
2024-10-27,10.75
2024-10-28,10.75
2024-10-29,10.75
2024-10-30,10.75
2024-10-31,10.75
2024-11-01,10.75
2024-11-02,10.75
2024-11-03,10.75
2024-11-04,10.75
2024-11-05,10.75
2024-11-06,10.75
2024-11-07,11.25
2024-11-08,11.25
2024-11-09,11.25
2024-11-10,11.25
2024-11-11,11.25
2024-11-12,11.25
2024-11-13,11.25
2024-11-14,11.25
2024-11-15,11.25
2024-11-16,11.25
2024-11-17,11.25
2024-11-18,11.25
2024-11-19,11.25
2024-11-20,11.25
2024-11-21,11.25
2024-11-22,11.25
2024-11-23,11.25
2024-11-24,11.25
2024-11-25,11.25
2024-11-26,11.25
2024-11-27,11.25
2024-11-28,11.25
2024-11-29,11.25
2024-11-30,11.25
2024-12-01,11.25
2024-12-02,11.25
2024-12-03,11.25
2024-12-04,11.25
2024-12-05,11.25
2024-12-06,11.25
2024-12-07,11.25
2024-12-08,11.25
2024-12-09,11.25
2024-12-10,11.25
2024-12-11,11.25
2024-12-12,12.25
2024-12-13,12.25
2024-12-14,12.25
2024-12-15,12.25
2024-12-16,12.25
2024-12-17,12.25
2024-12-18,12.25
2024-12-19,12.25
2024-12-20,12.25
2024-12-21,12.25
2024-12-22,12.25
2024-12-23,12.25
2024-12-24,12.25
2024-12-25,12.25
2024-12-26,12.25
2024-12-27,12.25
2024-12-28,12.25
2024-12-29,12.25
2024-12-30,12.25
2024-12-31,12.25
2025-01-01,12.25
2025-01-02,12.25
2025-01-03,12.25
2025-01-04,12.25
2025-01-05,12.25
2025-01-06,12.25
2025-01-07,12.25
2025-01-08,12.25
2025-01-09,12.25
2025-01-10,12.25
2025-01-11,12.25
2025-01-12,12.25
2025-01-13,12.25
2025-01-14,12.25
2025-01-15,12.25
2025-01-16,12.25
2025-01-17,12.25
2025-01-18,12.25
2025-01-19,12.25
2025-01-20,12.25
2025-01-21,12.25
2025-01-22,12.25
2025-01-23,12.25
2025-01-24,12.25
2025-01-25,12.25
2025-01-26,12.25
2025-01-27,12.25
2025-01-28,12.25
2025-01-29,12.25
2025-01-30,13.25
2025-01-31,13.25
2025-02-01,13.25
2025-02-02,13.25
2025-02-03,13.25
2025-02-04,13.25
2025-02-05,13.25
2025-02-06,13.25
2025-02-07,13.25
2025-02-08,13.25
2025-02-09,13.25
2025-02-10,13.25
2025-02-11,13.25
2025-02-12,13.25
2025-02-13,13.25
2025-02-14,13.25
2025-02-15,13.25
2025-02-16,13.25
2025-02-17,13.25
2025-02-18,13.25
2025-02-19,13.25
2025-02-20,13.25
2025-02-21,13.25
2025-02-22,13.25
2025-02-23,13.25
2025-02-24,13.25
2025-02-25,13.25
2025-02-26,13.25
2025-02-27,13.25
2025-02-28,13.25
2025-03-01,13.25
2025-03-02,13.25
2025-03-03,13.25
2025-03-04,13.25
2025-03-05,13.25
2025-03-06,13.25
2025-03-07,13.25
2025-03-08,13.25
2025-03-09,13.25
2025-03-10,13.25
2025-03-11,13.25
2025-03-12,13.25
2025-03-13,13.25
2025-03-14,13.25
2025-03-15,13.25
2025-03-16,13.25
2025-03-17,13.25
2025-03-18,13.25
2025-03-19,13.25
2025-03-20,14.25
2025-03-21,14.25
2025-03-22,14.25
2025-03-23,14.25
2025-03-24,14.25
2025-03-25,14.25
2025-03-26,14.25
2025-03-27,14.25
2025-03-28,14.25
2025-03-29,14.25
2025-03-30,14.25
2025-03-31,14.25
2025-04-01,14.25
2025-04-02,14.25
2025-04-03,14.25
2025-04-04,14.25
2025-04-05,14.25
2025-04-06,14.25
2025-04-07,14.25
2025-04-08,14.25
2025-04-09,14.25
2025-04-10,14.25
2025-04-11,14.25
2025-04-12,14.25
2025-04-13,14.25
2025-04-14,14.25
2025-04-15,14.25
2025-04-16,14.25
2025-04-17,14.25
2025-04-18,14.25
2025-04-19,14.25
2025-04-20,14.25
2025-04-21,14.25
2025-04-22,14.25
2025-04-23,14.25
2025-04-24,14.25
2025-04-25,14.25
2025-04-26,14.25
2025-04-27,14.25
2025-04-28,14.25
2025-04-29,14.25
2025-04-30,14.25
2025-05-01,14.25
2025-05-02,14.25
2025-05-03,14.25
2025-05-04,14.25
2025-05-05,14.25
2025-05-06,14.25
2025-05-07,14.25
2025-05-08,14.75
2025-05-09,14.75
2025-05-10,14.75
2025-05-11,14.75
2025-05-12,14.75
2025-05-13,14.75
2025-05-14,14.75
2025-05-15,14.75
2025-05-16,14.75
2025-05-17,14.75
2025-05-18,14.75
2025-05-19,14.75
2025-05-20,14.75
2025-05-21,14.75
2025-05-22,14.75
2025-05-23,14.75
2025-05-24,14.75
2025-05-25,14.75
2025-05-26,14.75
2025-05-27,14.75
2025-05-28,14.75
2025-05-29,14.75
2025-05-30,14.75
2025-05-31,14.75
2025-06-01,14.75
2025-06-02,14.75
2025-06-03,14.75
2025-06-04,14.75
2025-06-05,14.75
2025-06-06,14.75
2025-06-07,14.75
2025-06-08,14.75
2025-06-09,14.75
2025-06-10,14.75
2025-06-11,14.75
2025-06-12,14.75
2025-06-13,14.75
2025-06-14,14.75
2025-06-15,14.75
2025-06-16,14.75
2025-06-17,14.75
2025-06-18,14.75
2025-06-19,15.0
2025-06-20,15.0
2025-06-21,15.0
2025-06-22,15.0
2025-06-23,15.0
2025-06-24,15.0
2025-06-25,15.0
2025-06-26,15.0
2025-06-27,15.0
2025-06-28,15.0
2025-06-29,15.0
2025-06-30,15.0
2025-07-01,15.0
2025-07-02,15.0
2025-07-03,15.0
2025-07-04,15.0
2025-07-05,15.0
2025-07-06,15.0
2025-07-07,15.0
2025-07-08,15.0
2025-07-09,15.0
2025-07-10,15.0
2025-07-11,15.0
2025-07-12,15.0
2025-07-13,15.0
2025-07-14,15.0
2025-07-15,15.0
2025-07-16,15.0
2025-07-17,15.0
2025-07-18,15.0
2025-07-19,15.0
2025-07-20,15.0
2025-07-21,15.0
2025-07-22,15.0
2025-07-23,15.0
2025-07-24,15.0
2025-07-25,15.0
2025-07-26,15.0
2025-07-27,15.0
2025-07-28,15.0
2025-07-29,15.0
2025-07-30,15.0
2025-07-31,15.0
2025-08-01,15.0
2025-08-02,15.0
2025-08-03,15.0
2025-08-04,15.0
2025-08-05,15.0
2025-08-06,15.0
2025-08-07,15.0
2025-08-08,15.0
2025-08-09,15.0
2025-08-10,15.0
2025-08-11,15.0
2025-08-12,15.0
2025-08-13,15.0
2025-08-14,15.0
2025-08-15,15.0
2025-08-16,15.0
2025-08-17,15.0
2025-08-18,15.0
2025-08-19,15.0
2025-08-20,15.0
2025-08-21,15.0
2025-08-22,15.0
2025-08-23,15.0
2025-08-24,15.0
2025-08-25,15.0
2025-08-26,15.0
2025-08-27,15.0
2025-08-28,15.0
2025-08-29,15.0
2025-08-30,15.0
2025-08-31,15.0
2025-09-01,15.0
2025-09-02,15.0
2025-09-03,15.0
2025-09-04,15.0
2025-09-05,15.0
2025-09-06,15.0
2025-09-07,15.0
2025-09-08,15.0
2025-09-09,15.0
2025-09-10,15.0
2025-09-11,15.0
2025-09-12,15.0
2025-09-13,15.0
2025-09-14,15.0
2025-09-15,15.0
2025-09-16,15.0
2025-09-17,15.0
2025-09-18,15.0
2025-09-19,15.0
2025-09-20,15.0
2025-09-21,15.0
2025-09-22,15.0
2025-09-23,15.0
2025-09-24,15.0
2025-09-25,15.0
2025-09-26,15.0
2025-09-27,15.0
2025-09-28,15.0
2025-09-29,15.0
2025-09-30,15.0
2025-10-01,15.0
2025-10-02,15.0
2025-10-03,15.0
2025-10-04,15.0
2025-10-05,15.0
2025-10-06,15.0
2025-10-07,15.0
2025-10-08,15.0
2025-10-09,15.0
2025-10-10,15.0
2025-10-11,15.0
2025-10-12,15.0
2025-10-13,15.0
2025-10-14,15.0
2025-10-15,15.0
2025-10-16,15.0
2025-10-17,15.0
2025-10-18,15.0
2025-10-19,15.0
2025-10-20,15.0
2025-10-21,15.0
2025-10-22,15.0
2025-10-23,15.0
2025-10-24,15.0
2025-10-25,15.0
2025-10-26,15.0
2025-10-27,15.0
2025-10-28,15.0
2025-10-29,15.0
2025-10-30,15.0
2025-10-31,15.0
2025-11-01,15.0
2025-11-02,15.0
2025-11-03,15.0
2025-11-04,15.0
2025-11-05,15.0
2025-11-06,15.0
2025-11-07,15.0
2025-11-08,15.0
2025-11-09,15.0
2025-11-10,15.0
2025-11-11,15.0
2025-11-12,15.0
2025-11-13,15.0
2025-11-14,15.0
2025-11-15,15.0
2025-11-16,15.0
2025-11-17,15.0
2025-11-18,15.0
2025-11-19,15.0
2025-11-20,15.0
2025-11-21,15.0
2025-11-22,15.0
2025-11-23,15.0
2025-11-24,15.0
2025-11-25,15.0
2025-11-26,15.0
2025-11-27,15.0
2025-11-28,15.0
2025-11-29,15.0
2025-11-30,15.0
2025-12-01,15.0
2025-12-02,15.0
2025-12-03,15.0
2025-12-04,15.0
2025-12-05,15.0
2025-12-06,15.0
2025-12-07,15.0
2025-12-08,15.0
2025-12-09,15.0
2025-12-10,15.0
2025-12-11,15.0
2025-12-12,15.0
2025-12-13,15.0
2025-12-14,15.0
2025-12-15,15.0
2025-12-16,15.0
2025-12-17,15.0
2025-12-18,15.0
2025-12-19,15.0
2025-12-20,15.0
2025-12-21,15.0
2025-12-22,15.0
2025-12-23,15.0
2025-12-24,15.0
2025-12-25,15.0
2025-12-26,15.0
2025-12-27,15.0
2025-12-28,15.0
2025-12-29,15.0
2025-12-30,15.0
2025-12-31,15.0
2026-01-01,15.0
2026-01-02,15.0
2026-01-03,15.0
2026-01-04,15.0
2026-01-05,15.0
2026-01-06,15.0
2026-01-07,15.0
2026-01-08,15.0
2026-01-09,15.0
2026-01-10,15.0
2026-01-11,15.0
2026-01-12,15.0
2026-01-13,15.0
2026-01-14,15.0
2026-01-15,15.0
2026-01-16,15.0
2026-01-17,15.0
2026-01-18,15.0
2026-01-19,15.0
2026-01-20,15.0
2026-01-21,15.0
2026-01-22,15.0
2026-01-23,15.0
2026-01-24,15.0
2026-01-25,15.0
2026-01-26,15.0
2026-01-27,15.0
2026-01-28,15.0
2026-01-29,15.0
2026-01-30,15.0
2026-01-31,15.0
2026-02-01,15.0
2026-02-02,15.0
2026-02-03,15.0
2026-02-04,15.0
2026-02-05,15.0
2026-02-06,15.0
2026-02-07,15.0
2026-02-08,15.0
2026-02-09,15.0
2026-02-10,15.0
2026-02-11,15.0
2026-02-12,15.0
2026-02-13,15.0
2026-02-14,15.0
2026-02-15,15.0
2026-02-16,15.0
2026-02-17,15.0
2026-02-18,15.0
2026-02-19,15.0
2026-02-20,15.0
2026-02-21,15.0
2026-02-22,15.0
2026-02-23,15.0
2026-02-24,15.0
2026-02-25,15.0
2026-02-26,15.0
2026-02-27,15.0
2026-02-28,15.0
2026-03-01,15.0
2026-03-02,15.0
2026-03-03,15.0
2026-03-04,15.0
2026-03-05,15.0
2026-03-06,15.0
2026-03-07,15.0
2026-03-08,15.0
2026-03-09,15.0
2026-03-10,15.0
2026-03-11,15.0
2026-03-12,15.0
2026-03-13,15.0
2026-03-14,15.0
2026-03-15,15.0
2026-03-16,15.0
2026-03-17,15.0
2026-03-18,15.0
2026-03-19,14.75
2026-03-20,14.75
2026-03-21,14.75
2026-03-22,14.75
2026-03-23,14.75
2026-03-24,14.75
2026-03-25,14.75
2026-03-26,14.75
2026-03-27,14.75
2026-03-28,14.75
2026-03-29,14.75
2026-03-30,14.75
2026-03-31,14.75
2026-04-01,14.75
2026-04-02,14.75
2026-04-03,14.75
2026-04-04,14.75
2026-04-05,14.75
2026-04-06,14.75
2026-04-07,14.75
2026-04-08,14.75
2026-04-09,14.75
2026-04-10,14.75
2026-04-11,14.75
2026-04-12,14.75
2026-04-13,14.75
2026-04-14,14.75
2026-04-15,14.75
2026-04-16,14.75
2026-04-17,14.75
2026-04-18,14.75
2026-04-19,14.75
2026-04-20,14.75
2026-04-21,14.75
2026-04-22,14.75
2026-04-23,14.75
2026-04-24,14.75
2026-04-25,14.75
2026-04-26,14.75
2026-04-27,14.75
2026-04-28,14.75
2026-04-29,14.75
2026-04-30,14.5
2026-05-01,14.5
2026-05-02,14.5
2026-05-03,14.5
2026-05-04,14.5
2026-05-05,14.5
2026-05-06,14.5
2026-05-07,14.5
2026-05-08,14.5
2026-05-09,14.5
2026-05-10,14.5
2026-05-11,14.5
2026-05-12,14.5
2026-05-13,14.5
2026-05-14,14.5
2026-05-15,14.5
2026-05-16,14.5
2026-05-17,14.5
2026-05-18,14.5
2026-05-19,14.5
2026-05-20,14.5
2026-05-21,14.5
2026-05-22,14.5
2026-05-23,14.5
2026-05-24,14.5
2026-05-25,14.5
2026-05-26,14.5
2026-05-27,14.5
2026-05-28,14.5
2026-05-29,14.5
2026-05-30,14.5
2026-05-31,14.5
2026-06-01,14.5
2026-06-02,14.5
2026-06-03,14.5
2026-06-04,14.5
2026-06-05,14.5
2026-06-06,14.5
2026-06-07,14.5
2026-06-08,14.5
2026-06-09,14.5
2026-06-10,14.5
2026-06-11,14.5
2026-06-12,14.5
2026-06-13,14.5
2026-06-14,14.5
2026-06-15,14.5
2026-06-16,14.5
2026-06-17,14.5
2026-06-18,14.25
2026-06-19,14.25
2026-06-20,14.25
2026-06-21,14.25
2026-06-22,14.25
2026-06-23,14.25
2026-06-24,14.25
2026-06-25,14.25
2026-06-26,14.25
2026-06-27,14.25
2026-06-28,14.25
2026-06-29,14.25
2026-06-30,14.25
2026-07-01,14.25
2026-07-02,14.25
2026-07-03,14.25
2026-07-04,14.25
2026-07-05,14.25
2026-07-06,14.25
2026-07-07,14.25
2026-07-08,14.25
2026-07-09,14.25
2026-07-10,14.25
2026-07-11,14.25
2026-07-12,14.25
2026-07-13,14.25
2026-07-14,14.25
2026-07-15,14.25
2026-07-16,14.25
2026-07-17,14.25
2026-07-18,14.25
2026-07-19,14.25
2026-07-20,14.25
2026-07-21,14.25
2026-07-22,14.25
2026-07-23,14.25
2026-07-24,14.25
2026-07-25,14.25
2026-07-26,14.25
2026-07-27,14.25
2026-07-28,14.25
2026-07-29,14.25
2026-07-30,14.25
2026-07-31,14.25
2026-08-01,14.25
2026-08-02,14.25
2026-08-03,14.25
2026-08-04,14.25
2026-08-05,14.25
2026-08-06,14.0
2026-08-07,14.0
2026-08-08,14.0
2026-08-09,14.0
2026-08-10,14.0
2026-08-11,14.0
2026-08-12,14.0
2026-08-13,14.0
2026-08-14,14.0
2026-08-15,14.0
2026-08-16,14.0
2026-08-17,14.0
2026-08-18,14.0
2026-08-19,14.0
2026-08-20,14.0
2026-08-21,14.0
2026-08-22,14.0
2026-08-23,14.0
2026-08-24,14.0
2026-08-25,14.0
2026-08-26,14.0
2026-08-27,14.0
2026-08-28,14.0
2026-08-29,14.0
2026-08-30,14.0
2026-08-31,14.0
2026-09-01,14.0
2026-09-02,14.0
2026-09-03,14.0
2026-09-04,14.0
2026-09-05,14.0
2026-09-06,14.0
2026-09-07,14.0
2026-09-08,14.0
2026-09-09,14.0
2026-09-10,14.0
2026-09-11,14.0
2026-09-12,14.0
2026-09-13,14.0
2026-09-14,14.0
2026-09-15,14.0
2026-09-16,14.0
2026-09-17,13.75
2026-09-18,13.75
2026-09-19,13.75
2026-09-20,13.75
2026-09-21,13.75
2026-09-22,13.75
2026-09-23,13.75
2026-09-24,13.75
2026-09-25,13.75
2026-09-26,13.75
2026-09-27,13.75
2026-09-28,13.75
2026-09-29,13.75
2026-09-30,13.75
2026-10-01,13.75
2026-10-02,13.75
2026-10-03,13.75
2026-10-04,13.75
2026-10-05,13.75
2026-10-06,13.75
2026-10-07,13.75
2026-10-08,13.75
2026-10-09,13.75
2026-10-10,13.75
2026-10-11,13.75
2026-10-12,13.75
2026-10-13,13.75
2026-10-14,13.75
2026-10-15,13.75
2026-10-16,13.75
2026-10-17,13.75
2026-10-18,13.75
2026-10-19,13.75
2026-10-20,13.75
2026-10-21,13.75
2026-10-22,13.75
2026-10-23,13.75
2026-10-24,13.75
2026-10-25,13.75
2026-10-26,13.75
2026-10-27,13.75
2026-10-28,13.75
2026-10-29,13.75
2026-10-30,13.75
2026-10-31,13.75
2026-11-01,13.75
2026-11-02,13.75
2026-11-03,13.75
2026-11-04,13.75
